export_type,scryfall_uuid,set_code,quantity,foil_quantity,card_name,set_name,cardMarketId,english_card_name,lang,collector_number
deck,2A85BC35-C10B-4D89-8ADD-CC7A1A2B7797,Presentación - Crimsow Vow,0,0,9,0,8,,,
deckRelation,2A85BC35-C10B-4D89-8ADD-CC7A1A2B7797,848b1a0c-eae7-4cc2-9cdd-9d3e7261a863,1,main,,,,,,
deckRelation,2A85BC35-C10B-4D89-8ADD-CC7A1A2B7797,f1deb24b-3d8f-4251-a901-85eeb891f26f,1,main,,,,,,
deckRelation,2A85BC35-C10B-4D89-8ADD-CC7A1A2B7797,4a346d8b-ee09-4bd2-b7a8-1ba02fc055b2,1,main,,,,,,
deckRelation,2A85BC35-C10B-4D89-8ADD-CC7A1A2B7797,0b01ec49-f140-4e5c-b178-6d9cfde55f49,1,main,,,,,,
deckRelation,2A85BC35-C10B-4D89-8ADD-CC7A1A2B7797,10ad46c5-9c2f-4d65-bd81-ac0cae1c7eb7,1,main,,,,,,
deckRelation,2A85BC35-C10B-4D89-8ADD-CC7A1A2B7797,a7cbdd54-7685-4921-ab60-dc36e647a4c5,1,main,,,,,,
deckRelation,2A85BC35-C10B-4D89-8ADD-CC7A1A2B7797,dda39345-ac49-4d53-a3b9-11c1d4f918e9,1,main,,,,,,
deckRelation,2A85BC35-C10B-4D89-8ADD-CC7A1A2B7797,03acd407-9d2e-4548-bca9-030dc0c45f2c,1,main,,,,,,
deckRelation,2A85BC35-C10B-4D89-8ADD-CC7A1A2B7797,ca8804c0-9bca-4282-9547-57047fc29711,1,main,,,,,,
deckRelation,2A85BC35-C10B-4D89-8ADD-CC7A1A2B7797,f88e269e-ff3d-4775-8520-5b7a6dddf23d,1,main,,,,,,
deckRelation,2A85BC35-C10B-4D89-8ADD-CC7A1A2B7797,9d71c071-344e-40fb-b6cf-f011f99ba194,1,main,,,,,,
deckRelation,2A85BC35-C10B-4D89-8ADD-CC7A1A2B7797,68d17c0f-4c6f-4dc4-8a01-876a7433b7e8,1,main,,,,,,
deckRelation,2A85BC35-C10B-4D89-8ADD-CC7A1A2B7797,5a404e25-7b2e-451a-bcb7-b1c548b76e06,1,main,,,,,,
deckRelation,2A85BC35-C10B-4D89-8ADD-CC7A1A2B7797,0fa13eab-39a1-4097-acd9-815d14275cf9,1,main,,,,,,
deckRelation,2A85BC35-C10B-4D89-8ADD-CC7A1A2B7797,5d60a353-6791-47d2-9dde-466b5ec68899,1,main,,,,,,
deckRelation,2A85BC35-C10B-4D89-8ADD-CC7A1A2B7797,d50aed81-f86c-480c-9e62-bf22154873ff,1,main,,,,,,
deckRelation,2A85BC35-C10B-4D89-8ADD-CC7A1A2B7797,57875538-b1c4-4073-b0bc-5e960e3c03e6,1,main,,,,,,
deckRelation,2A85BC35-C10B-4D89-8ADD-CC7A1A2B7797,1e84df28-17af-438f-b811-883d3026ee49,2,main,,,,,,
deckRelation,2A85BC35-C10B-4D89-8ADD-CC7A1A2B7797,2dcb6930-4f2b-4735-8610-ae00ace8f8c8,1,main,,,,,,
deckRelation,2A85BC35-C10B-4D89-8ADD-CC7A1A2B7797,6da4c245-00fd-4e07-a7c0-b1d61dd19f17,1,main,,,,,,
deckRelation,2A85BC35-C10B-4D89-8ADD-CC7A1A2B7797,3848bfbc-51e6-4c62-9df8-6bf34599c4ea,1,main,,,,,,
deckRelation,2A85BC35-C10B-4D89-8ADD-CC7A1A2B7797,467c566e-7f6a-40c9-8fd7-da6ae96df56c,1,main,,,,,,
deckRelation,2A85BC35-C10B-4D89-8ADD-CC7A1A2B7797,daf87302-8b0e-425e-b32d-12780a629d26,1,main,,,,,,
deck,8842A92B-1C70-4C43-B77D-B2CCB8B3B27C,Holandés errante,0,7,9,0,0,,,
deckRelation,8842A92B-1C70-4C43-B77D-B2CCB8B3B27C,4522da7f-7a73-4557-bad5-9ab168e33f41,1,main,,,,,,
deckRelation,8842A92B-1C70-4C43-B77D-B2CCB8B3B27C,b82f599d-b142-4af3-8370-1b8a99d6ec3d,1,main,,,,,,
deckRelation,8842A92B-1C70-4C43-B77D-B2CCB8B3B27C,7ac37039-4e9f-44f0-b775-7c4b078b8ef9,1,main,,,,,,
deckRelation,8842A92B-1C70-4C43-B77D-B2CCB8B3B27C,2413d30d-755f-46a8-ace0-c55d565c7dfc,1,main,,,,,,
deckRelation,8842A92B-1C70-4C43-B77D-B2CCB8B3B27C,188a5962-daf2-4461-b773-391515547422,1,main,,,,,,
deckRelation,8842A92B-1C70-4C43-B77D-B2CCB8B3B27C,2ec64123-43dd-49dc-85a9-69bd1246e1f8,1,main,,,,,,
deckRelation,8842A92B-1C70-4C43-B77D-B2CCB8B3B27C,54b803f7-e0fc-41db-b800-06debc9a8023,1,main,,,,,,
deckRelation,8842A92B-1C70-4C43-B77D-B2CCB8B3B27C,f6c0fca5-b759-4543-95e2-8d712aae5281,1,main,,,,,,
deckRelation,8842A92B-1C70-4C43-B77D-B2CCB8B3B27C,07c4d61e-e485-4f06-996d-ce152863a767,1,main,,,,,,
deckRelation,8842A92B-1C70-4C43-B77D-B2CCB8B3B27C,8b287357-b6a2-47a1-be1c-c1bcc265aa36,1,main,,,,,,
deckRelation,8842A92B-1C70-4C43-B77D-B2CCB8B3B27C,6646bf64-9963-48ef-bd46-23c1d3817967,1,main,,,,,,
deckRelation,8842A92B-1C70-4C43-B77D-B2CCB8B3B27C,ac83c27f-55d6-4e5a-93a4-febb0c183289,1,main,,,,,,
deckRelation,8842A92B-1C70-4C43-B77D-B2CCB8B3B27C,10d59998-a6e5-43c9-9bc7-1d0d7d1a97b4,1,main,,,,,,
deckRelation,8842A92B-1C70-4C43-B77D-B2CCB8B3B27C,d959ee0b-9fb1-4e32-ad45-f04cdd5c678a,1,main,,,,,,
deckRelation,8842A92B-1C70-4C43-B77D-B2CCB8B3B27C,d66700db-32cb-49e3-bdf4-6f820557d9fb,1,main,,,,,,
deckRelation,8842A92B-1C70-4C43-B77D-B2CCB8B3B27C,37071251-17da-4b88-a760-c4d89647996a,1,main,,,,,,
deckRelation,8842A92B-1C70-4C43-B77D-B2CCB8B3B27C,f9ec098f-70a3-4fc7-a59b-eb8716d3e5a9,1,main,,,,,,
deckRelation,8842A92B-1C70-4C43-B77D-B2CCB8B3B27C,fce27aa4-0cf5-4d10-8dca-63b41c90a3ab,1,main,,,,,,
deckRelation,8842A92B-1C70-4C43-B77D-B2CCB8B3B27C,971dd79c-ddda-4e77-bc60-64b411013dd0,1,main,,,,,,
deckRelation,8842A92B-1C70-4C43-B77D-B2CCB8B3B27C,0db4d543-8d26-43f9-b2db-ea4f980137b6,1,main,,,,,,
deckRelation,8842A92B-1C70-4C43-B77D-B2CCB8B3B27C,253895a0-df8b-4c5f-b008-80ff19f63181,1,main,,,,,,
deckRelation,8842A92B-1C70-4C43-B77D-B2CCB8B3B27C,572464e5-e422-4905-84ac-0851b22efbbf,1,main,,,,,,
deckRelation,8842A92B-1C70-4C43-B77D-B2CCB8B3B27C,d488ce80-d647-4d88-afe7-1403c7947ecd,1,main,,,,,,
deckRelation,8842A92B-1C70-4C43-B77D-B2CCB8B3B27C,e515e6c3-9a19-43d4-b134-285cbc8582d7,1,main,,,,,,
deckRelation,8842A92B-1C70-4C43-B77D-B2CCB8B3B27C,7cb4ac83-1a05-4330-a467-f31c41f2eb99,1,main,,,,,,
deckRelation,8842A92B-1C70-4C43-B77D-B2CCB8B3B27C,72565974-d7f5-4197-bc0a-81327932f2c4,1,main,,,,,,
deckRelation,8842A92B-1C70-4C43-B77D-B2CCB8B3B27C,23581e9b-93e6-4376-8849-06f17bab2f13,1,main,,,,,,
deckRelation,8842A92B-1C70-4C43-B77D-B2CCB8B3B27C,1432b48f-ef23-46d5-860c-cf986090da92,1,main,,,,,,
deckRelation,8842A92B-1C70-4C43-B77D-B2CCB8B3B27C,25d273e7-8ae1-42c9-a033-5c962400ec0b,1,main,,,,,,
deckRelation,8842A92B-1C70-4C43-B77D-B2CCB8B3B27C,8a220d54-a364-4f71-ae58-c5cad9c97d17,1,main,,,,,,
deckRelation,8842A92B-1C70-4C43-B77D-B2CCB8B3B27C,3b3234aa-81d7-47c6-9828-3de666adb49f,1,main,,,,,,
deckRelation,8842A92B-1C70-4C43-B77D-B2CCB8B3B27C,ddb09397-c3cc-4ecc-aef7-bee4dfa6957f,1,main,,,,,,
deckRelation,8842A92B-1C70-4C43-B77D-B2CCB8B3B27C,d1fa69c7-7989-47c9-807c-9417613d0382,1,main,,,,,,
deckRelation,8842A92B-1C70-4C43-B77D-B2CCB8B3B27C,6190f9bc-b79a-4863-8e52-cd4485b703f4,1,main,,,,,,
deckRelation,8842A92B-1C70-4C43-B77D-B2CCB8B3B27C,0cd64619-f2ad-44c7-9993-529b71448e13,1,main,,,,,,
deckRelation,8842A92B-1C70-4C43-B77D-B2CCB8B3B27C,b50f1dde-f48e-44a0-b460-7aae2e5c51db,1,main,,,,,,
deckRelation,8842A92B-1C70-4C43-B77D-B2CCB8B3B27C,65a58e93-084b-437e-a515-3a8aa08b2a91,1,main,,,,,,
deckRelation,8842A92B-1C70-4C43-B77D-B2CCB8B3B27C,f081d1f9-1aa6-4a58-a77f-9eb3cd35c4e1,1,main,,,,,,
deckRelation,8842A92B-1C70-4C43-B77D-B2CCB8B3B27C,95ff3822-50df-4477-9efa-7120eda186f3,1,main,,,,,,
deckRelation,8842A92B-1C70-4C43-B77D-B2CCB8B3B27C,f9693f9a-910e-43b5-8166-3f1caa19c045,1,main,,,,,,
deckRelation,8842A92B-1C70-4C43-B77D-B2CCB8B3B27C,ea427b65-fb9b-4142-9af5-e73d094c3dd9,1,main,,,,,,
deckRelation,8842A92B-1C70-4C43-B77D-B2CCB8B3B27C,11568cdf-6148-494c-8b98-f5ca5797d775,1,main,,,,,,
deckRelation,8842A92B-1C70-4C43-B77D-B2CCB8B3B27C,c9264848-2b06-4d2f-8875-97b94dea7636,1,main,,,,,,
deckRelation,8842A92B-1C70-4C43-B77D-B2CCB8B3B27C,7bc98705-77c2-47b6-b41c-3e41578700e8,1,main,,,,,,
deckRelation,8842A92B-1C70-4C43-B77D-B2CCB8B3B27C,ecb6a0e9-a846-4691-94b9-286e8a73c5ff,1,main,,,,,,
deckRelation,8842A92B-1C70-4C43-B77D-B2CCB8B3B27C,d4348096-0a9f-4056-bbeb-d2fba94e5fcc,1,main,,,,,,
deckRelation,8842A92B-1C70-4C43-B77D-B2CCB8B3B27C,d35a1edd-62e4-4b52-8949-ae9f3b6c8edd,1,main,,,,,,
deckRelation,8842A92B-1C70-4C43-B77D-B2CCB8B3B27C,833dbfd0-daf5-49d7-8056-d61251a2d7d9,1,main,,,,,,
deckRelation,8842A92B-1C70-4C43-B77D-B2CCB8B3B27C,de40627b-c12d-4539-b7f1-5748eee08110,1,main,,,,,,
deckRelation,8842A92B-1C70-4C43-B77D-B2CCB8B3B27C,a470a692-1c0b-4861-84b8-2ae89aa930cd,1,main,,,,,,
deckRelation,8842A92B-1C70-4C43-B77D-B2CCB8B3B27C,44c4476d-58f9-420d-9545-f5d580c589de,1,main,,,,,,
deckRelation,8842A92B-1C70-4C43-B77D-B2CCB8B3B27C,4ea76163-a928-4f8b-b234-064e49628871,1,main,,,,,,
deckRelation,8842A92B-1C70-4C43-B77D-B2CCB8B3B27C,1fc424eb-19d9-408a-ab51-1ffefb62b126,1,main,,,,,,
deckRelation,8842A92B-1C70-4C43-B77D-B2CCB8B3B27C,7e95d4cb-6217-4bc7-914a-64acc216e199,1,main,,,,,,
deckRelation,8842A92B-1C70-4C43-B77D-B2CCB8B3B27C,d56bf657-5622-41ee-a5e4-4bf158d249db,1,main,,,,,,
deckRelation,8842A92B-1C70-4C43-B77D-B2CCB8B3B27C,6d0d1c58-ae00-4567-b796-0fe8704bc426,1,main,,,,,,
deckRelation,8842A92B-1C70-4C43-B77D-B2CCB8B3B27C,a2b131fc-4bdc-40bd-bfee-bc8b55dce740,1,main,,,,,,
deckRelation,8842A92B-1C70-4C43-B77D-B2CCB8B3B27C,359d1b13-6156-43b0-a9a7-6bfff36c1a91,1,main,,,,,,
deckRelation,8842A92B-1C70-4C43-B77D-B2CCB8B3B27C,90237bbf-46af-492c-afe4-238964b8937e,1,main,,,,,,
deckRelation,8842A92B-1C70-4C43-B77D-B2CCB8B3B27C,d4f55dc3-df95-41e7-820a-d3bcd1c235fc,1,main,,,,,,
deckRelation,8842A92B-1C70-4C43-B77D-B2CCB8B3B27C,84ddb56d-c6fe-4ca9-92d4-ecb58c5fc604,1,main,,,,,,
deckRelation,8842A92B-1C70-4C43-B77D-B2CCB8B3B27C,62918bd6-e2ef-4804-88b5-237d34f99bdc,1,main,,,,,,
deckRelation,8842A92B-1C70-4C43-B77D-B2CCB8B3B27C,f3ab02f9-9ebd-4062-8052-208aff24aa27,1,main,,,,,,
deckRelation,8842A92B-1C70-4C43-B77D-B2CCB8B3B27C,10a79733-702c-4611-b073-71db7f1158b2,1,main,,,,,,
deckRelation,8842A92B-1C70-4C43-B77D-B2CCB8B3B27C,0a2641c5-080b-4942-8462-9a4fc0136255,1,main,,,,,,
deckRelation,8842A92B-1C70-4C43-B77D-B2CCB8B3B27C,40416a38-8f7a-4dc8-bcfd-dc26fdd07f02,1,main,,,,,,
deckRelation,8842A92B-1C70-4C43-B77D-B2CCB8B3B27C,0ad274a7-0272-4bcf-b449-ef1d34693a39,1,main,,,,,,
deckRelation,8842A92B-1C70-4C43-B77D-B2CCB8B3B27C,a11644b5-40cf-426b-99ea-27b29c4feda3,1,main,,,,,,
deckRelation,8842A92B-1C70-4C43-B77D-B2CCB8B3B27C,178e52c0-2ae7-4c20-b3e3-44e32267b1ee,1,main,,,,,,
deckRelation,8842A92B-1C70-4C43-B77D-B2CCB8B3B27C,1dec999b-91cc-4833-a4c5-d772e4cf6a72,1,main,,,,,,
deckRelation,8842A92B-1C70-4C43-B77D-B2CCB8B3B27C,224f2add-044b-4eb3-a48c-6383fb3a0a9d,1,main,,,,,,
deckRelation,8842A92B-1C70-4C43-B77D-B2CCB8B3B27C,2d752184-5b5b-4abf-a288-0f2d10b0290b,1,main,,,,,,
deckRelation,8842A92B-1C70-4C43-B77D-B2CCB8B3B27C,19beffe7-94d9-4155-92d7-58d61cb07009,1,main,,,,,,
deckRelation,8842A92B-1C70-4C43-B77D-B2CCB8B3B27C,b4b99ebb-0d54-4fe5-a495-979aaa564aa8,1,main,,,,,,
deckRelation,8842A92B-1C70-4C43-B77D-B2CCB8B3B27C,67fe991d-e111-43a6-8e9d-843a57069103,1,main,,,,,,
deckRelation,8842A92B-1C70-4C43-B77D-B2CCB8B3B27C,486d7edc-d983-41f0-8b78-c99aecd72996,1,main,,,,,,
deckRelation,8842A92B-1C70-4C43-B77D-B2CCB8B3B27C,e64cca3a-0d03-4081-a484-23bd53a3cb1b,1,main,,,,,,
deckRelation,8842A92B-1C70-4C43-B77D-B2CCB8B3B27C,07159814-70bc-4c1c-aa49-c95b485fd427,1,main,,,,,,
deckRelation,8842A92B-1C70-4C43-B77D-B2CCB8B3B27C,f8e91177-fa10-4d99-9934-9547045cf8cf,1,main,,,,,,
deckRelation,8842A92B-1C70-4C43-B77D-B2CCB8B3B27C,d290a2f4-c958-4f84-bce6-121d950907d6,1,main,,,,,,
deckRelation,8842A92B-1C70-4C43-B77D-B2CCB8B3B27C,926542f7-6421-4bb7-9969-d0d2bb81badc,1,main,,,,,,
deckRelation,8842A92B-1C70-4C43-B77D-B2CCB8B3B27C,845307f5-9539-40fc-80f0-190c449adeed,1,main,,,,,,
deckRelation,8842A92B-1C70-4C43-B77D-B2CCB8B3B27C,5046884e-b01f-422f-bce7-d733e9ea1f08,1,main,,,,,,
deck,C5DD4928-6C09-419A-88CB-6ADF1456FC86,"Umbris, Fear Manifest",0,9,6,0,0,,,
deckRelation,C5DD4928-6C09-419A-88CB-6ADF1456FC86,6190f9bc-b79a-4863-8e52-cd4485b703f4,1,main,,,,,,
deckRelation,C5DD4928-6C09-419A-88CB-6ADF1456FC86,fce27aa4-0cf5-4d10-8dca-63b41c90a3ab,1,main,,,,,,
deckRelation,C5DD4928-6C09-419A-88CB-6ADF1456FC86,f6c0fca5-b759-4543-95e2-8d712aae5281,1,main,,,,,,
deckRelation,C5DD4928-6C09-419A-88CB-6ADF1456FC86,19beffe7-94d9-4155-92d7-58d61cb07009,1,main,,,,,,
deckRelation,C5DD4928-6C09-419A-88CB-6ADF1456FC86,0cd64619-f2ad-44c7-9993-529b71448e13,1,main,,,,,,
deckRelation,C5DD4928-6C09-419A-88CB-6ADF1456FC86,4ea76163-a928-4f8b-b234-064e49628871,1,main,,,,,,
deckRelation,C5DD4928-6C09-419A-88CB-6ADF1456FC86,c1e5fbc6-d129-4843-96a5-ee4406b2700f,1,main,,,,,,
deckRelation,C5DD4928-6C09-419A-88CB-6ADF1456FC86,e64cca3a-0d03-4081-a484-23bd53a3cb1b,1,main,,,,,,
deckRelation,C5DD4928-6C09-419A-88CB-6ADF1456FC86,52470883-b44d-415b-9324-8074e66f79ae,1,main,,,,,,
deckRelation,C5DD4928-6C09-419A-88CB-6ADF1456FC86,926542f7-6421-4bb7-9969-d0d2bb81badc,1,main,,,,,,
deckRelation,C5DD4928-6C09-419A-88CB-6ADF1456FC86,f9ec098f-70a3-4fc7-a59b-eb8716d3e5a9,1,main,,,,,,
deckRelation,C5DD4928-6C09-419A-88CB-6ADF1456FC86,b4b99ebb-0d54-4fe5-a495-979aaa564aa8,1,main,,,,,,
deckRelation,C5DD4928-6C09-419A-88CB-6ADF1456FC86,90237bbf-46af-492c-afe4-238964b8937e,1,main,,,,,,
deckRelation,C5DD4928-6C09-419A-88CB-6ADF1456FC86,d959ee0b-9fb1-4e32-ad45-f04cdd5c678a,1,main,,,,,,
deckRelation,C5DD4928-6C09-419A-88CB-6ADF1456FC86,3b3234aa-81d7-47c6-9828-3de666adb49f,1,main,,,,,,
deckRelation,C5DD4928-6C09-419A-88CB-6ADF1456FC86,44c4476d-58f9-420d-9545-f5d580c589de,1,main,,,,,,
deckRelation,C5DD4928-6C09-419A-88CB-6ADF1456FC86,6184b996-ca00-46ee-b770-a030eb8d38ce,1,main,,,,,,
deckRelation,C5DD4928-6C09-419A-88CB-6ADF1456FC86,54b803f7-e0fc-41db-b800-06debc9a8023,1,main,,,,,,
deckRelation,C5DD4928-6C09-419A-88CB-6ADF1456FC86,11568cdf-6148-494c-8b98-f5ca5797d775,1,main,,,,,,
deckRelation,C5DD4928-6C09-419A-88CB-6ADF1456FC86,4522da7f-7a73-4557-bad5-9ab168e33f41,1,main,,,,,,
deckRelation,C5DD4928-6C09-419A-88CB-6ADF1456FC86,a470a692-1c0b-4861-84b8-2ae89aa930cd,1,main,,,,,,
deckRelation,C5DD4928-6C09-419A-88CB-6ADF1456FC86,359d1b13-6156-43b0-a9a7-6bfff36c1a91,1,main,,,,,,
deckRelation,C5DD4928-6C09-419A-88CB-6ADF1456FC86,95ff3822-50df-4477-9efa-7120eda186f3,1,main,,,,,,
deckRelation,C5DD4928-6C09-419A-88CB-6ADF1456FC86,e515e6c3-9a19-43d4-b134-285cbc8582d7,1,main,,,,,,
deckRelation,C5DD4928-6C09-419A-88CB-6ADF1456FC86,b1c5f679-82d0-4434-9f13-d39ad57282b8,1,main,,,,,,
deckRelation,C5DD4928-6C09-419A-88CB-6ADF1456FC86,086f97e9-8b62-44f3-b467-149c2ac5ca78,1,main,,,,,,
deckRelation,C5DD4928-6C09-419A-88CB-6ADF1456FC86,a11644b5-40cf-426b-99ea-27b29c4feda3,1,main,,,,,,
deckRelation,C5DD4928-6C09-419A-88CB-6ADF1456FC86,d488ce80-d647-4d88-afe7-1403c7947ecd,1,main,,,,,,
deckRelation,C5DD4928-6C09-419A-88CB-6ADF1456FC86,2ec64123-43dd-49dc-85a9-69bd1246e1f8,1,main,,,,,,
deckRelation,C5DD4928-6C09-419A-88CB-6ADF1456FC86,5046884e-b01f-422f-bce7-d733e9ea1f08,1,main,,,,,,
deckRelation,C5DD4928-6C09-419A-88CB-6ADF1456FC86,2d752184-5b5b-4abf-a288-0f2d10b0290b,1,main,,,,,,
deckRelation,C5DD4928-6C09-419A-88CB-6ADF1456FC86,845307f5-9539-40fc-80f0-190c449adeed,1,main,,,,,,
deckRelation,C5DD4928-6C09-419A-88CB-6ADF1456FC86,d66700db-32cb-49e3-bdf4-6f820557d9fb,1,main,,,,,,
deckRelation,C5DD4928-6C09-419A-88CB-6ADF1456FC86,bc66e091-6150-4ddc-ac6c-b34971b9f2b1,1,main,,,,,,
deckRelation,C5DD4928-6C09-419A-88CB-6ADF1456FC86,b50f1dde-f48e-44a0-b460-7aae2e5c51db,1,main,,,,,,
deckRelation,C5DD4928-6C09-419A-88CB-6ADF1456FC86,f081d1f9-1aa6-4a58-a77f-9eb3cd35c4e1,1,main,,,,,,
deckRelation,C5DD4928-6C09-419A-88CB-6ADF1456FC86,ddb09397-c3cc-4ecc-aef7-bee4dfa6957f,1,main,,,,,,
deckRelation,C5DD4928-6C09-419A-88CB-6ADF1456FC86,9eb391dc-0378-4793-a5de-899b09792a4b,1,main,,,,,,
deckRelation,C5DD4928-6C09-419A-88CB-6ADF1456FC86,d8e81717-1071-4b44-884f-7d44e3cbe376,1,main,,,,,,
deckRelation,C5DD4928-6C09-419A-88CB-6ADF1456FC86,a52d30a3-a436-4854-91e9-2c359c40457b,1,main,,,,,,
deckRelation,C5DD4928-6C09-419A-88CB-6ADF1456FC86,c9264848-2b06-4d2f-8875-97b94dea7636,1,main,,,,,,
deckRelation,C5DD4928-6C09-419A-88CB-6ADF1456FC86,8a220d54-a364-4f71-ae58-c5cad9c97d17,1,main,,,,,,
deckRelation,C5DD4928-6C09-419A-88CB-6ADF1456FC86,953610f6-ea96-4e71-969f-50ecac09c091,1,main,,,,,,
deckRelation,C5DD4928-6C09-419A-88CB-6ADF1456FC86,07c4d61e-e485-4f06-996d-ce152863a767,1,main,,,,,,
deckRelation,C5DD4928-6C09-419A-88CB-6ADF1456FC86,224f2add-044b-4eb3-a48c-6383fb3a0a9d,1,main,,,,,,
deckRelation,C5DD4928-6C09-419A-88CB-6ADF1456FC86,07159814-70bc-4c1c-aa49-c95b485fd427,1,main,,,,,,
deckRelation,C5DD4928-6C09-419A-88CB-6ADF1456FC86,67fe991d-e111-43a6-8e9d-843a57069103,1,main,,,,,,
deckRelation,C5DD4928-6C09-419A-88CB-6ADF1456FC86,d4f55dc3-df95-41e7-820a-d3bcd1c235fc,1,main,,,,,,
deckRelation,C5DD4928-6C09-419A-88CB-6ADF1456FC86,6646bf64-9963-48ef-bd46-23c1d3817967,1,main,,,,,,
deckRelation,C5DD4928-6C09-419A-88CB-6ADF1456FC86,16b122f8-fcd9-4b2a-92f6-f0ed7307ff58,1,main,,,,,,
deckRelation,C5DD4928-6C09-419A-88CB-6ADF1456FC86,253895a0-df8b-4c5f-b008-80ff19f63181,1,main,,,,,,
deckRelation,C5DD4928-6C09-419A-88CB-6ADF1456FC86,10a79733-702c-4611-b073-71db7f1158b2,1,main,,,,,,
deckRelation,C5DD4928-6C09-419A-88CB-6ADF1456FC86,d35a1edd-62e4-4b52-8949-ae9f3b6c8edd,1,main,,,,,,
deckRelation,C5DD4928-6C09-419A-88CB-6ADF1456FC86,188a5962-daf2-4461-b773-391515547422,1,main,,,,,,
deckRelation,C5DD4928-6C09-419A-88CB-6ADF1456FC86,ac83c27f-55d6-4e5a-93a4-febb0c183289,1,main,,,,,,
deckRelation,C5DD4928-6C09-419A-88CB-6ADF1456FC86,d290a2f4-c958-4f84-bce6-121d950907d6,1,main,,,,,,
deckRelation,C5DD4928-6C09-419A-88CB-6ADF1456FC86,486d7edc-d983-41f0-8b78-c99aecd72996,1,main,,,,,,
deckRelation,C5DD4928-6C09-419A-88CB-6ADF1456FC86,d4348096-0a9f-4056-bbeb-d2fba94e5fcc,1,main,,,,,,
deckRelation,C5DD4928-6C09-419A-88CB-6ADF1456FC86,65a58e93-084b-437e-a515-3a8aa08b2a91,1,main,,,,,,
deckRelation,C5DD4928-6C09-419A-88CB-6ADF1456FC86,8b287357-b6a2-47a1-be1c-c1bcc265aa36,1,main,,,,,,
deckRelation,C5DD4928-6C09-419A-88CB-6ADF1456FC86,0a2641c5-080b-4942-8462-9a4fc0136255,1,main,,,,,,
deckRelation,C5DD4928-6C09-419A-88CB-6ADF1456FC86,10d59998-a6e5-43c9-9bc7-1d0d7d1a97b4,1,main,,,,,,
deckRelation,C5DD4928-6C09-419A-88CB-6ADF1456FC86,62918bd6-e2ef-4804-88b5-237d34f99bdc,1,main,,,,,,
deckRelation,C5DD4928-6C09-419A-88CB-6ADF1456FC86,ea427b65-fb9b-4142-9af5-e73d094c3dd9,1,main,,,,,,
deckRelation,C5DD4928-6C09-419A-88CB-6ADF1456FC86,971dd79c-ddda-4e77-bc60-64b411013dd0,1,main,,,,,,
deckRelation,C5DD4928-6C09-419A-88CB-6ADF1456FC86,7ac37039-4e9f-44f0-b775-7c4b078b8ef9,1,main,,,,,,
deckRelation,C5DD4928-6C09-419A-88CB-6ADF1456FC86,1432b48f-ef23-46d5-860c-cf986090da92,1,main,,,,,,
deckRelation,C5DD4928-6C09-419A-88CB-6ADF1456FC86,23581e9b-93e6-4376-8849-06f17bab2f13,1,main,,,,,,
deckRelation,C5DD4928-6C09-419A-88CB-6ADF1456FC86,178e52c0-2ae7-4c20-b3e3-44e32267b1ee,1,main,,,,,,
deckRelation,C5DD4928-6C09-419A-88CB-6ADF1456FC86,b82a13bf-da32-4c12-a9dd-271d8ca45c21,1,main,,,,,,
deckRelation,C5DD4928-6C09-419A-88CB-6ADF1456FC86,b82f599d-b142-4af3-8370-1b8a99d6ec3d,1,main,,,,,,
deckRelation,C5DD4928-6C09-419A-88CB-6ADF1456FC86,f8e91177-fa10-4d99-9934-9547045cf8cf,1,main,,,,,,
deckRelation,C5DD4928-6C09-419A-88CB-6ADF1456FC86,2413d30d-755f-46a8-ace0-c55d565c7dfc,1,main,,,,,,
deckRelation,C5DD4928-6C09-419A-88CB-6ADF1456FC86,1fc424eb-19d9-408a-ab51-1ffefb62b126,1,main,,,,,,
deckRelation,C5DD4928-6C09-419A-88CB-6ADF1456FC86,d1fa69c7-7989-47c9-807c-9417613d0382,1,main,,,,,,
deckRelation,C5DD4928-6C09-419A-88CB-6ADF1456FC86,dce5db87-4a78-4b8d-b5c2-918ccd1ba4e3,1,main,,,,,,
deckRelation,C5DD4928-6C09-419A-88CB-6ADF1456FC86,f9693f9a-910e-43b5-8166-3f1caa19c045,1,main,,,,,,
deckRelation,C5DD4928-6C09-419A-88CB-6ADF1456FC86,1dec999b-91cc-4833-a4c5-d772e4cf6a72,1,main,,,,,,
deckRelation,C5DD4928-6C09-419A-88CB-6ADF1456FC86,0db4d543-8d26-43f9-b2db-ea4f980137b6,1,main,,,,,,
deckRelation,C5DD4928-6C09-419A-88CB-6ADF1456FC86,de40627b-c12d-4539-b7f1-5748eee08110,1,main,,,,,,
deckRelation,C5DD4928-6C09-419A-88CB-6ADF1456FC86,7e95d4cb-6217-4bc7-914a-64acc216e199,1,main,,,,,,
deckRelation,C5DD4928-6C09-419A-88CB-6ADF1456FC86,572464e5-e422-4905-84ac-0851b22efbbf,1,main,,,,,,
deckRelation,C5DD4928-6C09-419A-88CB-6ADF1456FC86,eed1a433-2716-4535-bf35-4a694e8fa584,1,main,,,,,,
deckRelation,C5DD4928-6C09-419A-88CB-6ADF1456FC86,7bc98705-77c2-47b6-b41c-3e41578700e8,1,main,,,,,,
deckRelation,C5DD4928-6C09-419A-88CB-6ADF1456FC86,84ddb56d-c6fe-4ca9-92d4-ecb58c5fc604,1,side,,,,,,
deckRelation,C5DD4928-6C09-419A-88CB-6ADF1456FC86,f3ab02f9-9ebd-4062-8052-208aff24aa27,1,side,,,,,,
deckRelation,C5DD4928-6C09-419A-88CB-6ADF1456FC86,25d273e7-8ae1-42c9-a033-5c962400ec0b,1,side,,,,,,
deckRelation,C5DD4928-6C09-419A-88CB-6ADF1456FC86,7cb4ac83-1a05-4330-a467-f31c41f2eb99,1,side,,,,,,
deckRelation,C5DD4928-6C09-419A-88CB-6ADF1456FC86,a2b131fc-4bdc-40bd-bfee-bc8b55dce740,1,side,,,,,,
deckRelation,C5DD4928-6C09-419A-88CB-6ADF1456FC86,0ad274a7-0272-4bcf-b449-ef1d34693a39,1,side,,,,,,
deckRelation,C5DD4928-6C09-419A-88CB-6ADF1456FC86,6d0d1c58-ae00-4567-b796-0fe8704bc426,1,side,,,,,,
deckRelation,C5DD4928-6C09-419A-88CB-6ADF1456FC86,72565974-d7f5-4197-bc0a-81327932f2c4,1,side,,,,,,
deckRelation,C5DD4928-6C09-419A-88CB-6ADF1456FC86,ecb6a0e9-a846-4691-94b9-286e8a73c5ff,1,side,,,,,,
deckRelation,C5DD4928-6C09-419A-88CB-6ADF1456FC86,40416a38-8f7a-4dc8-bcfd-dc26fdd07f02,1,side,,,,,,
deckRelation,C5DD4928-6C09-419A-88CB-6ADF1456FC86,37071251-17da-4b88-a760-c4d89647996a,1,side,,,,,,
deckRelation,C5DD4928-6C09-419A-88CB-6ADF1456FC86,833dbfd0-daf5-49d7-8056-d61251a2d7d9,1,side,,,,,,
deckRelation,C5DD4928-6C09-419A-88CB-6ADF1456FC86,d56bf657-5622-41ee-a5e4-4bf158d249db,1,side,,,,,,
deck,C2D13260-5AA2-49FE-9211-7A15C8667E24,Dinastía Necronas,0,0,30,0,0,,,
deckRelation,C2D13260-5AA2-49FE-9211-7A15C8667E24,cd556cd1-e33a-433d-ac18-4a4fd195c3ab,1,main,,,,,,
deckRelation,C2D13260-5AA2-49FE-9211-7A15C8667E24,5ffd1a43-5613-4058-9e51-fd3cc1585651,1,main,,,,,,
deckRelation,C2D13260-5AA2-49FE-9211-7A15C8667E24,6737a276-b5e9-4c55-b995-ada96eca4e6e,1,main,,,,,,
deckRelation,C2D13260-5AA2-49FE-9211-7A15C8667E24,4129cb0d-eefe-4971-9db8-1196201ef353,1,main,,,,,,
deckRelation,C2D13260-5AA2-49FE-9211-7A15C8667E24,780743bf-e1a0-4114-9474-319632e0c775,1,main,,,,,,
deckRelation,C2D13260-5AA2-49FE-9211-7A15C8667E24,f1170bfa-9623-44c3-a15e-bd8c2627fe6e,1,main,,,,,,
deckRelation,C2D13260-5AA2-49FE-9211-7A15C8667E24,e313ae8b-f77b-47a4-9202-305bf6deb3dc,1,main,,,,,,
deckRelation,C2D13260-5AA2-49FE-9211-7A15C8667E24,2d6209c8-9fa1-4f0a-ab65-ac2fedfcd09b,1,main,,,,,,
deckRelation,C2D13260-5AA2-49FE-9211-7A15C8667E24,9e03a4fe-6ee5-423b-bc05-452e8d14507b,1,main,,,,,,
deckRelation,C2D13260-5AA2-49FE-9211-7A15C8667E24,f9161bb7-07db-468f-b944-37a90fa0e4d9,1,main,,,,,,
deckRelation,C2D13260-5AA2-49FE-9211-7A15C8667E24,5cfa5564-47d8-48e7-a815-2a6cff683a52,1,main,,,,,,
deckRelation,C2D13260-5AA2-49FE-9211-7A15C8667E24,a3a12e0f-85de-440f-8a7d-230bf8c415c1,1,main,,,,,,
deckRelation,C2D13260-5AA2-49FE-9211-7A15C8667E24,f79d90f8-fb86-4846-833a-63c0496221e0,1,main,,,,,,
deckRelation,C2D13260-5AA2-49FE-9211-7A15C8667E24,06199f88-720f-484a-953e-9189bafbe173,1,main,,,,,,
deckRelation,C2D13260-5AA2-49FE-9211-7A15C8667E24,e03d8676-f693-4155-b75f-dcbe2890ccb0,1,main,,,,,,
deckRelation,C2D13260-5AA2-49FE-9211-7A15C8667E24,3e2550d5-ba6a-4cab-908a-b537973800c1,1,main,,,,,,
deckRelation,C2D13260-5AA2-49FE-9211-7A15C8667E24,6a73b481-8e62-4742-bbd0-33b8048602d7,1,main,,,,,,
deckRelation,C2D13260-5AA2-49FE-9211-7A15C8667E24,c8b2fcc3-5c39-403b-8311-5760190388b2,1,main,,,,,,
deckRelation,C2D13260-5AA2-49FE-9211-7A15C8667E24,cf56bef3-7f0e-47b4-96f5-325722f7708a,1,main,,,,,,
deckRelation,C2D13260-5AA2-49FE-9211-7A15C8667E24,b931c7cb-ef83-440c-9195-ace311f4a601,1,main,,,,,,
deckRelation,C2D13260-5AA2-49FE-9211-7A15C8667E24,9b1ecad3-8cec-4a18-9401-6eebc7feeacc,1,main,,,,,,
deckRelation,C2D13260-5AA2-49FE-9211-7A15C8667E24,3ce2021c-1422-4901-a554-2d4fab72c8e4,1,main,,,,,,
deckRelation,C2D13260-5AA2-49FE-9211-7A15C8667E24,30acbb34-3ff5-4d38-b349-f108351f94f8,1,main,,,,,,
deckRelation,C2D13260-5AA2-49FE-9211-7A15C8667E24,aec9ba42-4c58-4e40-a8c5-63da81c44616,1,main,,,,,,
deckRelation,C2D13260-5AA2-49FE-9211-7A15C8667E24,b0ab96a5-0bcc-4732-8936-9522f3de3962,1,main,,,,,,
deckRelation,C2D13260-5AA2-49FE-9211-7A15C8667E24,9a71531f-d4b6-4cc7-8193-b2f5bce33b21,1,main,,,,,,
deckRelation,C2D13260-5AA2-49FE-9211-7A15C8667E24,fc07ad3a-982a-4bfc-b2e7-8e6e340ed32c,1,main,,,,,,
deckRelation,C2D13260-5AA2-49FE-9211-7A15C8667E24,bc7f3009-c852-41e7-8e62-d2ee637b3998,1,main,,,,,,
deckRelation,C2D13260-5AA2-49FE-9211-7A15C8667E24,2862c204-3e32-4ff5-b767-e1af0f37b96a,1,main,,,,,,
deckRelation,C2D13260-5AA2-49FE-9211-7A15C8667E24,ea8483a2-9135-48d1-994d-9525d5ffcabb,1,main,,,,,,
deckRelation,C2D13260-5AA2-49FE-9211-7A15C8667E24,c57778d7-fbd7-482f-b895-c033592f7af6,1,main,,,,,,
deckRelation,C2D13260-5AA2-49FE-9211-7A15C8667E24,10887c92-2647-4372-ad54-cc13167786db,1,main,,,,,,
deckRelation,C2D13260-5AA2-49FE-9211-7A15C8667E24,4991e495-9b6d-4f52-aada-3187fd44b945,1,main,,,,,,
deckRelation,C2D13260-5AA2-49FE-9211-7A15C8667E24,8deb5d3a-0762-4c4f-afef-fd86728914b4,1,main,,,,,,
deckRelation,C2D13260-5AA2-49FE-9211-7A15C8667E24,2c6865c1-8144-4b06-a599-a62382fe1124,1,main,,,,,,
deckRelation,C2D13260-5AA2-49FE-9211-7A15C8667E24,b768ec5f-771a-4acd-b3dd-85dea914689e,1,main,,,,,,
deckRelation,C2D13260-5AA2-49FE-9211-7A15C8667E24,6ea09406-c65e-4ee4-9c74-0553e5110837,1,main,,,,,,
deckRelation,C2D13260-5AA2-49FE-9211-7A15C8667E24,086d94a0-763e-495e-b952-5c13383657c9,1,main,,,,,,
deckRelation,C2D13260-5AA2-49FE-9211-7A15C8667E24,a960acea-3404-4834-9296-d6715add49af,1,main,,,,,,
deckRelation,C2D13260-5AA2-49FE-9211-7A15C8667E24,2feb16d2-7406-45ab-9595-e6c48fc47bf5,1,main,,,,,,
deckRelation,C2D13260-5AA2-49FE-9211-7A15C8667E24,ae79f72a-0f44-4a79-a640-582282706a1b,1,main,,,,,,
deckRelation,C2D13260-5AA2-49FE-9211-7A15C8667E24,6b3f3fbb-0188-4eec-90c0-81c801d3a996,1,main,,,,,,
deckRelation,C2D13260-5AA2-49FE-9211-7A15C8667E24,2f5f2e19-41ce-40c6-9732-d0f88ad6735f,1,main,,,,,,
deckRelation,C2D13260-5AA2-49FE-9211-7A15C8667E24,ed94c73e-25d3-43bb-bdaa-b05f9b972216,1,main,,,,,,
deckRelation,C2D13260-5AA2-49FE-9211-7A15C8667E24,f03c1eb4-1f47-4b65-8d8d-4057fb6997e1,1,main,,,,,,
deckRelation,C2D13260-5AA2-49FE-9211-7A15C8667E24,4dca7b45-164d-4181-9585-5d0f3b6a6927,1,main,,,,,,
deckRelation,C2D13260-5AA2-49FE-9211-7A15C8667E24,0a968eac-2840-41ba-b7de-3182964d4913,1,main,,,,,,
deckRelation,C2D13260-5AA2-49FE-9211-7A15C8667E24,21e4140e-22b3-479f-a259-0f56ed02b8ad,1,main,,,,,,
deckRelation,C2D13260-5AA2-49FE-9211-7A15C8667E24,75a787a3-5838-4121-bbaf-745d22c4b0bc,1,main,,,,,,
deckRelation,C2D13260-5AA2-49FE-9211-7A15C8667E24,e3450882-d791-4172-b02a-ee7fdb36acfc,1,main,,,,,,
deckRelation,C2D13260-5AA2-49FE-9211-7A15C8667E24,56ae1e4b-b620-480b-b6fc-66f2137d7d89,1,main,,,,,,
deckRelation,C2D13260-5AA2-49FE-9211-7A15C8667E24,b8c69031-588d-44a2-89b3-972a335541e5,1,main,,,,,,
deckRelation,C2D13260-5AA2-49FE-9211-7A15C8667E24,c160c1f7-714e-444a-ab74-c64c3a099a48,1,main,,,,,,
deckRelation,C2D13260-5AA2-49FE-9211-7A15C8667E24,ea5ddc28-dfc1-4b96-b6e2-590fcb1f83ef,1,main,,,,,,
deckRelation,C2D13260-5AA2-49FE-9211-7A15C8667E24,ebf52151-9b4b-40c3-945b-8c32d13e1ad3,1,main,,,,,,
deckRelation,C2D13260-5AA2-49FE-9211-7A15C8667E24,62d70fd2-de4e-41c6-b3e5-147fffca8a20,1,main,,,,,,
deckRelation,C2D13260-5AA2-49FE-9211-7A15C8667E24,286ff901-1faf-4a02-a37a-fa165989112f,1,main,,,,,,
deckRelation,C2D13260-5AA2-49FE-9211-7A15C8667E24,41dd0b55-3dbb-4b65-a949-20c2a12f7edd,1,main,,,,,,
deckRelation,C2D13260-5AA2-49FE-9211-7A15C8667E24,e828d87a-f2c7-475b-8c8f-b36474c50cf9,1,main,,,,,,
deckRelation,C2D13260-5AA2-49FE-9211-7A15C8667E24,746a626d-3379-4274-a9ae-ec77469e0ab1,1,main,,,,,,
deckRelation,C2D13260-5AA2-49FE-9211-7A15C8667E24,1ae95cfb-1c3e-43cc-acfa-68f25b0f6e52,1,main,,,,,,
deckRelation,C2D13260-5AA2-49FE-9211-7A15C8667E24,5ad67a79-cb13-44b8-adac-36cfd211f2d3,1,main,,,,,,
deckRelation,C2D13260-5AA2-49FE-9211-7A15C8667E24,e915e66d-4531-41f0-bc4f-ad9cd8851a05,1,main,,,,,,
deckRelation,C2D13260-5AA2-49FE-9211-7A15C8667E24,fbe75aae-727b-4cb0-967c-477d5a08b8f7,1,main,,,,,,
deckRelation,C2D13260-5AA2-49FE-9211-7A15C8667E24,53a7cccd-b445-46e3-b70c-afc3bb2de85d,1,main,,,,,,
deckRelation,C2D13260-5AA2-49FE-9211-7A15C8667E24,4665fa5d-37ea-4898-a4a4-7bc5311075de,1,main,,,,,,
deckRelation,C2D13260-5AA2-49FE-9211-7A15C8667E24,22a7ef45-0fa0-4924-955c-27da5f6d0098,1,main,,,,,,
deckRelation,C2D13260-5AA2-49FE-9211-7A15C8667E24,66a4e78b-9600-4fec-94f0-65cf8ffce2dc,1,main,,,,,,
deckRelation,C2D13260-5AA2-49FE-9211-7A15C8667E24,d161a190-3c85-4207-9d88-7ff9213efea8,1,main,,,,,,
deckRelation,C2D13260-5AA2-49FE-9211-7A15C8667E24,7d0327ef-d3e8-4122-b6c6-82f797e00a78,1,side,,,,,,
deckRelation,C2D13260-5AA2-49FE-9211-7A15C8667E24,9af00a97-9938-4ab2-938a-669cdfe4332a,1,maybe,,,,,,
deckRelation,C2D13260-5AA2-49FE-9211-7A15C8667E24,542b3490-1247-4f47-98b6-c67cabae53cb,1,maybe,,,,,,
deck,9D4717B3-9A4B-4F83-A24A-7727C1F8000A,Arrrzotamentes,0,9,11,0,0,,,
deckRelation,9D4717B3-9A4B-4F83-A24A-7727C1F8000A,c9264848-2b06-4d2f-8875-97b94dea7636,1,main,,,,,,
deckRelation,9D4717B3-9A4B-4F83-A24A-7727C1F8000A,0db4d543-8d26-43f9-b2db-ea4f980137b6,1,main,,,,,,
deckRelation,9D4717B3-9A4B-4F83-A24A-7727C1F8000A,03912b34-5f0e-414d-a720-551093707236,1,main,,,,,,
deckRelation,9D4717B3-9A4B-4F83-A24A-7727C1F8000A,e515e6c3-9a19-43d4-b134-285cbc8582d7,1,main,,,,,,
deckRelation,9D4717B3-9A4B-4F83-A24A-7727C1F8000A,2d752184-5b5b-4abf-a288-0f2d10b0290b,1,main,,,,,,
deckRelation,9D4717B3-9A4B-4F83-A24A-7727C1F8000A,d4f55dc3-df95-41e7-820a-d3bcd1c235fc,1,main,,,,,,
deckRelation,9D4717B3-9A4B-4F83-A24A-7727C1F8000A,5046884e-b01f-422f-bce7-d733e9ea1f08,1,main,,,,,,
deckRelation,9D4717B3-9A4B-4F83-A24A-7727C1F8000A,62918bd6-e2ef-4804-88b5-237d34f99bdc,1,main,,,,,,
deckRelation,9D4717B3-9A4B-4F83-A24A-7727C1F8000A,86e61296-494d-48b0-942c-17c175792e92,1,main,,,,,,
deckRelation,9D4717B3-9A4B-4F83-A24A-7727C1F8000A,a470a692-1c0b-4861-84b8-2ae89aa930cd,1,main,,,,,,
deckRelation,9D4717B3-9A4B-4F83-A24A-7727C1F8000A,b82f599d-b142-4af3-8370-1b8a99d6ec3d,1,main,,,,,,
deckRelation,9D4717B3-9A4B-4F83-A24A-7727C1F8000A,0a2641c5-080b-4942-8462-9a4fc0136255,1,main,,,,,,
deckRelation,9D4717B3-9A4B-4F83-A24A-7727C1F8000A,90237bbf-46af-492c-afe4-238964b8937e,1,main,,,,,,
deckRelation,9D4717B3-9A4B-4F83-A24A-7727C1F8000A,aafd291a-2a2e-4499-b4e4-518e1425fca4,1,main,,,,,,
deckRelation,9D4717B3-9A4B-4F83-A24A-7727C1F8000A,d66700db-32cb-49e3-bdf4-6f820557d9fb,1,main,,,,,,
deckRelation,9D4717B3-9A4B-4F83-A24A-7727C1F8000A,2ec64123-43dd-49dc-85a9-69bd1246e1f8,1,main,,,,,,
deckRelation,9D4717B3-9A4B-4F83-A24A-7727C1F8000A,8b287357-b6a2-47a1-be1c-c1bcc265aa36,1,main,,,,,,
deckRelation,9D4717B3-9A4B-4F83-A24A-7727C1F8000A,f8e91177-fa10-4d99-9934-9547045cf8cf,1,main,,,,,,
deckRelation,9D4717B3-9A4B-4F83-A24A-7727C1F8000A,7cb4ac83-1a05-4330-a467-f31c41f2eb99,1,main,,,,,,
deckRelation,9D4717B3-9A4B-4F83-A24A-7727C1F8000A,07159814-70bc-4c1c-aa49-c95b485fd427,1,main,,,,,,
deckRelation,9D4717B3-9A4B-4F83-A24A-7727C1F8000A,ea427b65-fb9b-4142-9af5-e73d094c3dd9,1,main,,,,,,
deckRelation,9D4717B3-9A4B-4F83-A24A-7727C1F8000A,d4348096-0a9f-4056-bbeb-d2fba94e5fcc,1,main,,,,,,
deckRelation,9D4717B3-9A4B-4F83-A24A-7727C1F8000A,377ca6b7-5b89-48a3-bb8c-20693e17b910,1,main,,,,,,
deckRelation,9D4717B3-9A4B-4F83-A24A-7727C1F8000A,926542f7-6421-4bb7-9969-d0d2bb81badc,1,main,,,,,,
deckRelation,9D4717B3-9A4B-4F83-A24A-7727C1F8000A,19beffe7-94d9-4155-92d7-58d61cb07009,1,main,,,,,,
deckRelation,9D4717B3-9A4B-4F83-A24A-7727C1F8000A,23581e9b-93e6-4376-8849-06f17bab2f13,1,main,,,,,,
deckRelation,9D4717B3-9A4B-4F83-A24A-7727C1F8000A,e9d2cbc7-adad-4f42-8a61-e33b13dbfbb5,1,main,,,,,,
deckRelation,9D4717B3-9A4B-4F83-A24A-7727C1F8000A,47413ff8-8045-45e1-bc92-36a6c87dbcd4,1,main,,,,,,
deckRelation,9D4717B3-9A4B-4F83-A24A-7727C1F8000A,f9693f9a-910e-43b5-8166-3f1caa19c045,1,main,,,,,,
deckRelation,9D4717B3-9A4B-4F83-A24A-7727C1F8000A,7ff1b019-041c-4f5c-b194-70c5709e691c,1,main,,,,,,
deckRelation,9D4717B3-9A4B-4F83-A24A-7727C1F8000A,0ad274a7-0272-4bcf-b449-ef1d34693a39,1,main,,,,,,
deckRelation,9D4717B3-9A4B-4F83-A24A-7727C1F8000A,6190f9bc-b79a-4863-8e52-cd4485b703f4,1,main,,,,,,
deckRelation,9D4717B3-9A4B-4F83-A24A-7727C1F8000A,224f2add-044b-4eb3-a48c-6383fb3a0a9d,1,main,,,,,,
deckRelation,9D4717B3-9A4B-4F83-A24A-7727C1F8000A,6d0d1c58-ae00-4567-b796-0fe8704bc426,1,main,,,,,,
deckRelation,9D4717B3-9A4B-4F83-A24A-7727C1F8000A,f9ec098f-70a3-4fc7-a59b-eb8716d3e5a9,1,main,,,,,,
deckRelation,9D4717B3-9A4B-4F83-A24A-7727C1F8000A,d1fa69c7-7989-47c9-807c-9417613d0382,1,main,,,,,,
deckRelation,9D4717B3-9A4B-4F83-A24A-7727C1F8000A,b50f1dde-f48e-44a0-b460-7aae2e5c51db,1,main,,,,,,
deckRelation,9D4717B3-9A4B-4F83-A24A-7727C1F8000A,2413d30d-755f-46a8-ace0-c55d565c7dfc,1,main,,,,,,
deckRelation,9D4717B3-9A4B-4F83-A24A-7727C1F8000A,80af5966-6947-4c62-a16b-78e32c8e78c7,1,main,,,,,,
deckRelation,9D4717B3-9A4B-4F83-A24A-7727C1F8000A,d35a1edd-62e4-4b52-8949-ae9f3b6c8edd,1,main,,,,,,
deckRelation,9D4717B3-9A4B-4F83-A24A-7727C1F8000A,7e95d4cb-6217-4bc7-914a-64acc216e199,1,main,,,,,,
deckRelation,9D4717B3-9A4B-4F83-A24A-7727C1F8000A,d290a2f4-c958-4f84-bce6-121d950907d6,1,main,,,,,,
deckRelation,9D4717B3-9A4B-4F83-A24A-7727C1F8000A,971dd79c-ddda-4e77-bc60-64b411013dd0,1,main,,,,,,
deckRelation,9D4717B3-9A4B-4F83-A24A-7727C1F8000A,25d273e7-8ae1-42c9-a033-5c962400ec0b,1,main,,,,,,
deckRelation,9D4717B3-9A4B-4F83-A24A-7727C1F8000A,67fe991d-e111-43a6-8e9d-843a57069103,1,main,,,,,,
deckRelation,9D4717B3-9A4B-4F83-A24A-7727C1F8000A,72565974-d7f5-4197-bc0a-81327932f2c4,1,main,,,,,,
deckRelation,9D4717B3-9A4B-4F83-A24A-7727C1F8000A,de40627b-c12d-4539-b7f1-5748eee08110,1,main,,,,,,
deckRelation,9D4717B3-9A4B-4F83-A24A-7727C1F8000A,fce27aa4-0cf5-4d10-8dca-63b41c90a3ab,1,main,,,,,,
deckRelation,9D4717B3-9A4B-4F83-A24A-7727C1F8000A,178e52c0-2ae7-4c20-b3e3-44e32267b1ee,1,main,,,,,,
deckRelation,9D4717B3-9A4B-4F83-A24A-7727C1F8000A,40416a38-8f7a-4dc8-bcfd-dc26fdd07f02,1,main,,,,,,
deckRelation,9D4717B3-9A4B-4F83-A24A-7727C1F8000A,0cd64619-f2ad-44c7-9993-529b71448e13,1,main,,,,,,
deckRelation,9D4717B3-9A4B-4F83-A24A-7727C1F8000A,4522da7f-7a73-4557-bad5-9ab168e33f41,1,main,,,,,,
deckRelation,9D4717B3-9A4B-4F83-A24A-7727C1F8000A,95ff3822-50df-4477-9efa-7120eda186f3,1,main,,,,,,
deckRelation,9D4717B3-9A4B-4F83-A24A-7727C1F8000A,10d59998-a6e5-43c9-9bc7-1d0d7d1a97b4,1,main,,,,,,
deckRelation,9D4717B3-9A4B-4F83-A24A-7727C1F8000A,8a220d54-a364-4f71-ae58-c5cad9c97d17,1,main,,,,,,
deckRelation,9D4717B3-9A4B-4F83-A24A-7727C1F8000A,1fc424eb-19d9-408a-ab51-1ffefb62b126,1,main,,,,,,
deckRelation,9D4717B3-9A4B-4F83-A24A-7727C1F8000A,54b803f7-e0fc-41db-b800-06debc9a8023,1,main,,,,,,
deckRelation,9D4717B3-9A4B-4F83-A24A-7727C1F8000A,d56bf657-5622-41ee-a5e4-4bf158d249db,1,main,,,,,,
deckRelation,9D4717B3-9A4B-4F83-A24A-7727C1F8000A,4ea76163-a928-4f8b-b234-064e49628871,1,main,,,,,,
deckRelation,9D4717B3-9A4B-4F83-A24A-7727C1F8000A,572464e5-e422-4905-84ac-0851b22efbbf,1,main,,,,,,
deckRelation,9D4717B3-9A4B-4F83-A24A-7727C1F8000A,6646bf64-9963-48ef-bd46-23c1d3817967,1,main,,,,,,
deckRelation,9D4717B3-9A4B-4F83-A24A-7727C1F8000A,ecb6a0e9-a846-4691-94b9-286e8a73c5ff,1,main,,,,,,
deckRelation,9D4717B3-9A4B-4F83-A24A-7727C1F8000A,253895a0-df8b-4c5f-b008-80ff19f63181,1,main,,,,,,
deckRelation,9D4717B3-9A4B-4F83-A24A-7727C1F8000A,f3ab02f9-9ebd-4062-8052-208aff24aa27,1,main,,,,,,
deckRelation,9D4717B3-9A4B-4F83-A24A-7727C1F8000A,7ac37039-4e9f-44f0-b775-7c4b078b8ef9,1,main,,,,,,
deckRelation,9D4717B3-9A4B-4F83-A24A-7727C1F8000A,e64cca3a-0d03-4081-a484-23bd53a3cb1b,1,main,,,,,,
deckRelation,9D4717B3-9A4B-4F83-A24A-7727C1F8000A,3858db5c-1b76-4201-97f0-10f04845de12,1,main,,,,,,
deckRelation,9D4717B3-9A4B-4F83-A24A-7727C1F8000A,a2b131fc-4bdc-40bd-bfee-bc8b55dce740,1,main,,,,,,
deckRelation,9D4717B3-9A4B-4F83-A24A-7727C1F8000A,1432b48f-ef23-46d5-860c-cf986090da92,1,main,,,,,,
deckRelation,9D4717B3-9A4B-4F83-A24A-7727C1F8000A,07c4d61e-e485-4f06-996d-ce152863a767,1,main,,,,,,
deckRelation,9D4717B3-9A4B-4F83-A24A-7727C1F8000A,3b3234aa-81d7-47c6-9828-3de666adb49f,1,main,,,,,,
deckRelation,9D4717B3-9A4B-4F83-A24A-7727C1F8000A,84ddb56d-c6fe-4ca9-92d4-ecb58c5fc604,1,main,,,,,,
deckRelation,9D4717B3-9A4B-4F83-A24A-7727C1F8000A,1dec999b-91cc-4833-a4c5-d772e4cf6a72,1,main,,,,,,
deckRelation,9D4717B3-9A4B-4F83-A24A-7727C1F8000A,d488ce80-d647-4d88-afe7-1403c7947ecd,1,main,,,,,,
deckRelation,9D4717B3-9A4B-4F83-A24A-7727C1F8000A,65a58e93-084b-437e-a515-3a8aa08b2a91,1,main,,,,,,
deckRelation,9D4717B3-9A4B-4F83-A24A-7727C1F8000A,188a5962-daf2-4461-b773-391515547422,1,main,,,,,,
deckRelation,9D4717B3-9A4B-4F83-A24A-7727C1F8000A,833dbfd0-daf5-49d7-8056-d61251a2d7d9,1,main,,,,,,
deckRelation,9D4717B3-9A4B-4F83-A24A-7727C1F8000A,a11644b5-40cf-426b-99ea-27b29c4feda3,1,main,,,,,,
deckRelation,9D4717B3-9A4B-4F83-A24A-7727C1F8000A,845307f5-9539-40fc-80f0-190c449adeed,1,main,,,,,,
deck,12D0132F-5D8D-4C41-A544-B8CE58FFCED7,Eldrazi Unbound,0,0,0,0,0,,,
deckRelation,12D0132F-5D8D-4C41-A544-B8CE58FFCED7,c3b6480a-9b25-42a2-b62c-1f375216b211,1,main,,,,,,
deckRelation,12D0132F-5D8D-4C41-A544-B8CE58FFCED7,01c18d57-16a7-4cc0-b086-81c4b9a166c7,1,main,,,,,,
deckRelation,12D0132F-5D8D-4C41-A544-B8CE58FFCED7,a9a97d2d-a5b7-4424-a703-c43ed887c888,1,main,,,,,,
deckRelation,12D0132F-5D8D-4C41-A544-B8CE58FFCED7,c3cb0fff-da50-40b9-9839-68cdf25a0193,1,main,,,,,,
deckRelation,12D0132F-5D8D-4C41-A544-B8CE58FFCED7,cd2e3c71-16ee-4521-ba3f-7b8cbba2ace2,1,main,,,,,,
deckRelation,12D0132F-5D8D-4C41-A544-B8CE58FFCED7,dd2f5f65-4ab7-43c8-8a14-422fcfac80df,1,main,,,,,,
deckRelation,12D0132F-5D8D-4C41-A544-B8CE58FFCED7,e5b6aca8-190e-49b0-9185-2c72bd3fda7d,1,main,,,,,,
deckRelation,12D0132F-5D8D-4C41-A544-B8CE58FFCED7,d1159ef6-f3ac-42a0-ae46-7d5eb9b3a6eb,1,main,,,,,,
deckRelation,12D0132F-5D8D-4C41-A544-B8CE58FFCED7,cdad14f1-d541-4e58-af9f-f8e587fca05f,1,main,,,,,,
deckRelation,12D0132F-5D8D-4C41-A544-B8CE58FFCED7,1c137634-7531-4573-9bfa-623d8edf839c,1,main,,,,,,
deckRelation,12D0132F-5D8D-4C41-A544-B8CE58FFCED7,33f3ee0c-1e73-42b6-841d-0a878a80002a,1,main,,,,,,
deckRelation,12D0132F-5D8D-4C41-A544-B8CE58FFCED7,fbfdec59-36e0-4280-946f-cded4b600883,1,main,,,,,,
deckRelation,12D0132F-5D8D-4C41-A544-B8CE58FFCED7,f5b7d3df-4e9b-422b-a88c-43650a67a9c6,1,main,,,,,,
deckRelation,12D0132F-5D8D-4C41-A544-B8CE58FFCED7,1e9f09b3-dd2d-4ba9-a57e-4f3c1793f752,1,main,,,,,,
deckRelation,12D0132F-5D8D-4C41-A544-B8CE58FFCED7,cbab7e1f-305e-4733-aa70-b27285740925,1,main,,,,,,
deckRelation,12D0132F-5D8D-4C41-A544-B8CE58FFCED7,fa912283-c28e-4594-aca9-21d82d8cf006,1,main,,,,,,
deckRelation,12D0132F-5D8D-4C41-A544-B8CE58FFCED7,c41554e7-2a07-4cc7-b01b-44deed08e588,1,main,,,,,,
deckRelation,12D0132F-5D8D-4C41-A544-B8CE58FFCED7,f060ea2b-717a-47ae-a4d6-b0594e838459,1,main,,,,,,
deckRelation,12D0132F-5D8D-4C41-A544-B8CE58FFCED7,839a3a89-a87e-4108-87c5-74f656a6249f,1,main,,,,,,
deckRelation,12D0132F-5D8D-4C41-A544-B8CE58FFCED7,ec1d8a99-8a06-4e51-9277-96edb6899b29,1,main,,,,,,
deckRelation,12D0132F-5D8D-4C41-A544-B8CE58FFCED7,a5c42d13-3ef6-4baf-81d0-766a6df1e712,1,main,,,,,,
deckRelation,12D0132F-5D8D-4C41-A544-B8CE58FFCED7,2d2c323f-eecd-4560-a128-ab513d231552,1,main,,,,,,
deckRelation,12D0132F-5D8D-4C41-A544-B8CE58FFCED7,aeaf1f56-de96-480a-a0c4-0a06d4daf149,1,main,,,,,,
deckRelation,12D0132F-5D8D-4C41-A544-B8CE58FFCED7,42991890-731c-4e6a-b0c5-57d6217029ab,1,main,,,,,,
deckRelation,12D0132F-5D8D-4C41-A544-B8CE58FFCED7,00b3c10a-799f-4922-bb0a-44981b13203b,1,main,,,,,,
deckRelation,12D0132F-5D8D-4C41-A544-B8CE58FFCED7,0467d06a-2218-4824-a89e-7fb4cc9e04eb,1,main,,,,,,
deckRelation,12D0132F-5D8D-4C41-A544-B8CE58FFCED7,824bf3cc-fb35-4bc1-998c-6758b1eed2ca,1,main,,,,,,
deckRelation,12D0132F-5D8D-4C41-A544-B8CE58FFCED7,396db2cb-8fa0-436a-993d-de8bb13b848f,1,main,,,,,,
deckRelation,12D0132F-5D8D-4C41-A544-B8CE58FFCED7,0441cd2c-3646-4c69-ae97-ad3bcea7466f,1,main,,,,,,
deckRelation,12D0132F-5D8D-4C41-A544-B8CE58FFCED7,4210c54e-89fd-4971-ab6a-ca8f4e7fe97a,1,main,,,,,,
deckRelation,12D0132F-5D8D-4C41-A544-B8CE58FFCED7,fa4ecacf-f036-45ea-8aa7-f012120429d3,1,main,,,,,,
deckRelation,12D0132F-5D8D-4C41-A544-B8CE58FFCED7,02729948-9b74-453f-a268-2f29b48a29ee,4,main,,,,,,
deckRelation,12D0132F-5D8D-4C41-A544-B8CE58FFCED7,27906645-7d43-4c18-a20b-8d683069351e,1,main,,,,,,
deckRelation,12D0132F-5D8D-4C41-A544-B8CE58FFCED7,3fd2f8b3-62f3-4e52-ae17-dd0a61bc0e26,1,main,,,,,,
deckRelation,12D0132F-5D8D-4C41-A544-B8CE58FFCED7,2eb7e322-aba0-42f5-80a1-267f3444ac4d,1,main,,,,,,
deckRelation,12D0132F-5D8D-4C41-A544-B8CE58FFCED7,aef15a89-8df8-48f6-9fbf-0117efde9fe0,1,main,,,,,,
deckRelation,12D0132F-5D8D-4C41-A544-B8CE58FFCED7,9ecb184f-c282-42f3-9576-09781a116352,1,main,,,,,,
deckRelation,12D0132F-5D8D-4C41-A544-B8CE58FFCED7,331013f6-976a-4dac-9939-1006e474e108,1,main,,,,,,
deckRelation,12D0132F-5D8D-4C41-A544-B8CE58FFCED7,0b4046d8-9f53-4b33-b76c-54bc5e83f496,1,main,,,,,,
deckRelation,12D0132F-5D8D-4C41-A544-B8CE58FFCED7,2585d250-1cce-431c-a9d1-a3adce9d70cd,4,main,,,,,,
deckRelation,12D0132F-5D8D-4C41-A544-B8CE58FFCED7,b55fcddd-e7c8-4f57-8f49-dd86e2d5fe49,1,main,,,,,,
deckRelation,12D0132F-5D8D-4C41-A544-B8CE58FFCED7,d3a83be9-856d-4c30-95f5-da72a5ac8263,1,main,,,,,,
deckRelation,12D0132F-5D8D-4C41-A544-B8CE58FFCED7,b9582e2e-f170-4060-b364-0a2dd23b8e62,1,main,,,,,,
deckRelation,12D0132F-5D8D-4C41-A544-B8CE58FFCED7,572fb0dc-d876-4e1b-91d1-9c595f6f6f04,1,main,,,,,,
deckRelation,12D0132F-5D8D-4C41-A544-B8CE58FFCED7,6f61e807-aa79-41b1-b785-24dddad28021,1,main,,,,,,
deckRelation,12D0132F-5D8D-4C41-A544-B8CE58FFCED7,5f11f053-5150-4a76-b2ca-9df3a0629911,1,main,,,,,,
deckRelation,12D0132F-5D8D-4C41-A544-B8CE58FFCED7,ad69703c-637f-44c6-bc84-c1f60d9d9062,1,main,,,,,,
deckRelation,12D0132F-5D8D-4C41-A544-B8CE58FFCED7,f7c6aba3-38c3-45d1-83e1-40829eb07862,1,main,,,,,,
deckRelation,12D0132F-5D8D-4C41-A544-B8CE58FFCED7,94eba26e-7c9e-46f3-ad13-aa684f3365cb,1,main,,,,,,
deckRelation,12D0132F-5D8D-4C41-A544-B8CE58FFCED7,396bbb7d-ae61-4d8d-b931-9ed2f712832e,1,main,,,,,,
deckRelation,12D0132F-5D8D-4C41-A544-B8CE58FFCED7,0da1880f-7ac9-45a8-b4cd-a89956078a45,1,main,,,,,,
deckRelation,12D0132F-5D8D-4C41-A544-B8CE58FFCED7,82dfdb91-aa69-45a1-adcc-9fcd85f84ccf,1,main,,,,,,
deckRelation,12D0132F-5D8D-4C41-A544-B8CE58FFCED7,0ed089db-54b9-40d7-9a91-19f0bab44303,1,main,,,,,,
deckRelation,12D0132F-5D8D-4C41-A544-B8CE58FFCED7,a4f3445a-3488-4367-a6f3-fd1904b11148,1,main,,,,,,
deckRelation,12D0132F-5D8D-4C41-A544-B8CE58FFCED7,46ca0b66-a000-4483-b916-f5b89e710244,1,main,,,,,,
deckRelation,12D0132F-5D8D-4C41-A544-B8CE58FFCED7,a45c22ca-28fa-47ed-90bc-57a86ed31929,1,main,,,,,,
deckRelation,12D0132F-5D8D-4C41-A544-B8CE58FFCED7,38e6e9aa-2e5f-49f7-beef-b876c070d72d,1,main,,,,,,
deckRelation,12D0132F-5D8D-4C41-A544-B8CE58FFCED7,d0a27816-7ee9-4fa1-aa01-78796ad62337,1,main,,,,,,
deckRelation,12D0132F-5D8D-4C41-A544-B8CE58FFCED7,354456dc-81da-4cd1-b7b1-7ea1ce1bcc9f,1,main,,,,,,
deckRelation,12D0132F-5D8D-4C41-A544-B8CE58FFCED7,5d290747-3b54-4e40-baac-b64cb7ef7787,1,main,,,,,,
deckRelation,12D0132F-5D8D-4C41-A544-B8CE58FFCED7,cd7af704-a770-4f90-8fe8-a45457785a35,1,main,,,,,,
deckRelation,12D0132F-5D8D-4C41-A544-B8CE58FFCED7,fe102126-9aee-4b50-8bc6-1e979132eb3e,1,main,,,,,,
deckRelation,12D0132F-5D8D-4C41-A544-B8CE58FFCED7,3f747fa8-515c-4c79-8d2e-f1bbab2e4602,1,main,,,,,,
deckRelation,12D0132F-5D8D-4C41-A544-B8CE58FFCED7,afcc9c88-836b-48b6-9d81-5a6844a6b70f,1,main,,,,,,
deckRelation,12D0132F-5D8D-4C41-A544-B8CE58FFCED7,77e8f8ec-6625-4615-aa5e-f324642b45b0,3,main,,,,,,
deckRelation,12D0132F-5D8D-4C41-A544-B8CE58FFCED7,b0449a19-37f7-4169-9e32-928db5ec76fe,1,main,,,,,,
deckRelation,12D0132F-5D8D-4C41-A544-B8CE58FFCED7,4dd8cf3f-1ca8-41e4-b0f7-ea9d61f731d7,1,main,,,,,,
deckRelation,12D0132F-5D8D-4C41-A544-B8CE58FFCED7,fc4d0772-35a3-434f-afb5-2137aa4f3dec,1,main,,,,,,
deckRelation,12D0132F-5D8D-4C41-A544-B8CE58FFCED7,8d479a83-16f7-425c-9873-b900f39ed620,4,main,,,,,,
deckRelation,12D0132F-5D8D-4C41-A544-B8CE58FFCED7,8f943d5d-e8a1-4fe1-aad5-80c7ccf15435,1,main,,,,,,
deckRelation,12D0132F-5D8D-4C41-A544-B8CE58FFCED7,18bbdc6c-b6c9-4f89-8f0a-6266e53c1fb9,1,main,,,,,,
deckRelation,12D0132F-5D8D-4C41-A544-B8CE58FFCED7,9312fada-fc31-46ac-b6a1-cfffd776856f,1,main,,,,,,
deckRelation,12D0132F-5D8D-4C41-A544-B8CE58FFCED7,bc0de77a-c503-4000-9eb5-aa28a5e91082,1,main,,,,,,
deckRelation,12D0132F-5D8D-4C41-A544-B8CE58FFCED7,4a4d851b-1fa9-4f5d-a8f6-6967b1ee5b50,1,main,,,,,,
deckRelation,12D0132F-5D8D-4C41-A544-B8CE58FFCED7,ca08b369-783d-4fe4-8fc8-9cd595638550,1,main,,,,,,
deckRelation,12D0132F-5D8D-4C41-A544-B8CE58FFCED7,5c43291d-87c8-4773-99b0-6b7a9d302cd8,1,main,,,,,,
deckRelation,12D0132F-5D8D-4C41-A544-B8CE58FFCED7,985e16ac-8e0f-4e2e-9b74-d6a77dddf274,1,main,,,,,,
deckRelation,12D0132F-5D8D-4C41-A544-B8CE58FFCED7,a30c2025-03cf-4c3d-9dd5-0d25f7019d25,1,main,,,,,,
deckRelation,12D0132F-5D8D-4C41-A544-B8CE58FFCED7,7ce5f12e-fc02-42f8-a5ca-b523050d4650,1,main,,,,,,
deckRelation,12D0132F-5D8D-4C41-A544-B8CE58FFCED7,cb1252c2-b951-4125-93a2-9282b607b6a4,1,main,,,,,,
deckRelation,12D0132F-5D8D-4C41-A544-B8CE58FFCED7,d18ce39e-211d-460b-a200-a26c17aeeb12,1,main,,,,,,
deckRelation,12D0132F-5D8D-4C41-A544-B8CE58FFCED7,bc3e81f3-b456-4fe6-941d-a7f2bf4aa844,1,main,,,,,,
deckRelation,12D0132F-5D8D-4C41-A544-B8CE58FFCED7,481c877e-0188-427f-8de2-25ad82d7cadb,1,main,,,,,,
deckRelation,12D0132F-5D8D-4C41-A544-B8CE58FFCED7,4bfc5847-c3b4-41e7-8087-73ac4850bc1b,1,main,,,,,,
deckRelation,12D0132F-5D8D-4C41-A544-B8CE58FFCED7,3803dd5f-32cb-45c3-ab0b-55a706549ba5,1,main,,,,,,
deckRelation,12D0132F-5D8D-4C41-A544-B8CE58FFCED7,7c247fd6-09f3-40cd-b3fb-53b6526e1dcf,1,main,,,,,,
deckRelation,12D0132F-5D8D-4C41-A544-B8CE58FFCED7,30bbb789-82e3-4c41-997f-2dc829e2a29d,1,main,,,,,,
deckRelation,12D0132F-5D8D-4C41-A544-B8CE58FFCED7,1fc2871b-c685-4951-b8e2-7370b9668f7e,1,main,,,,,,
deckRelation,12D0132F-5D8D-4C41-A544-B8CE58FFCED7,0ff4e35f-2a82-4d3c-86c5-ae05a5abc4d7,1,side,,,,,,
deck,8C4C9CA7-690F-49F3-A6CE-8A0C6378EC9E,Concilio élfico,15,11,0,0,0,,,
deckRelation,8C4C9CA7-690F-49F3-A6CE-8A0C6378EC9E,7b6bdd99-e37c-464e-9610-1501a3398f81,1,main,,,,,,
deckRelation,8C4C9CA7-690F-49F3-A6CE-8A0C6378EC9E,c6b72c6d-dc47-4229-999f-8be44e877830,1,main,,,,,,
deckRelation,8C4C9CA7-690F-49F3-A6CE-8A0C6378EC9E,3531362e-e08f-4415-b4c3-b2f2dd117245,1,main,,,,,,
deckRelation,8C4C9CA7-690F-49F3-A6CE-8A0C6378EC9E,c14b2d96-43dd-4776-a5b9-d50d10a11a5e,1,main,,,,,,
deckRelation,8C4C9CA7-690F-49F3-A6CE-8A0C6378EC9E,187419a0-1542-4c41-9ece-2743b9474788,1,main,,,,,,
deckRelation,8C4C9CA7-690F-49F3-A6CE-8A0C6378EC9E,3d4412d7-796b-41cc-b349-c29edc83d872,1,main,,,,,,
deckRelation,8C4C9CA7-690F-49F3-A6CE-8A0C6378EC9E,5451deaf-19e1-4052-a2f2-23c9635a4548,1,main,,,,,,
deckRelation,8C4C9CA7-690F-49F3-A6CE-8A0C6378EC9E,d5f3fb8a-7777-49b8-bdcc-a2fc3dd1a5f2,1,main,,,,,,
deckRelation,8C4C9CA7-690F-49F3-A6CE-8A0C6378EC9E,f52c07f4-dc63-443d-8cd8-f2a3c2637880,1,main,,,,,,
deckRelation,8C4C9CA7-690F-49F3-A6CE-8A0C6378EC9E,0b90fc0c-d102-4acc-907d-d4723a23fa86,1,main,,,,,,
deckRelation,8C4C9CA7-690F-49F3-A6CE-8A0C6378EC9E,6bfff4fb-1879-4445-ba74-0f7278439817,1,main,,,,,,
deckRelation,8C4C9CA7-690F-49F3-A6CE-8A0C6378EC9E,9fe3cb68-ca6d-4b05-bbf3-914281a9f490,1,main,,,,,,
deckRelation,8C4C9CA7-690F-49F3-A6CE-8A0C6378EC9E,0510e1c4-5983-48cc-a74f-dd45ec05c9a9,1,main,,,,,,
deckRelation,8C4C9CA7-690F-49F3-A6CE-8A0C6378EC9E,e9885ac7-71f7-4e85-a551-8acd3bc85b80,1,main,,,,,,
deckRelation,8C4C9CA7-690F-49F3-A6CE-8A0C6378EC9E,9573ee62-4fdf-4fca-90e2-10a7d8161764,1,main,,,,,,
deckRelation,8C4C9CA7-690F-49F3-A6CE-8A0C6378EC9E,320902f9-ca89-43fb-824a-1575f6db9b1b,1,main,,,,,,
deckRelation,8C4C9CA7-690F-49F3-A6CE-8A0C6378EC9E,4af77af0-69f6-4d90-8e57-d26b6bc934e6,1,main,,,,,,
deckRelation,8C4C9CA7-690F-49F3-A6CE-8A0C6378EC9E,86254f0e-8643-444f-80e9-e556a357c653,1,main,,,,,,
deckRelation,8C4C9CA7-690F-49F3-A6CE-8A0C6378EC9E,8d01551d-1e1e-4522-852f-9248a0deb1f2,1,main,,,,,,
deckRelation,8C4C9CA7-690F-49F3-A6CE-8A0C6378EC9E,9f7d894a-74aa-4f2b-a809-7d3711ad318f,1,main,,,,,,
deckRelation,8C4C9CA7-690F-49F3-A6CE-8A0C6378EC9E,0242e529-1c10-454c-b86f-f427a3230d26,1,main,,,,,,
deckRelation,8C4C9CA7-690F-49F3-A6CE-8A0C6378EC9E,622696e6-31e0-4920-adfb-10905917a854,1,main,,,,,,
deckRelation,8C4C9CA7-690F-49F3-A6CE-8A0C6378EC9E,bcc47285-43bb-4add-9355-c1fa954e0c54,1,main,,,,,,
deckRelation,8C4C9CA7-690F-49F3-A6CE-8A0C6378EC9E,9ba13d3a-467f-4d30-95cf-6ac8ec60209d,1,main,,,,,,
deckRelation,8C4C9CA7-690F-49F3-A6CE-8A0C6378EC9E,61a06066-af10-4526-8cff-f7cd6f27affd,1,main,,,,,,
deckRelation,8C4C9CA7-690F-49F3-A6CE-8A0C6378EC9E,9206916e-4a25-4ecd-b8b5-9cd365d6123b,1,main,,,,,,
deckRelation,8C4C9CA7-690F-49F3-A6CE-8A0C6378EC9E,91ee786b-ad32-42ac-8486-5870d86acad7,1,main,,,,,,
deckRelation,8C4C9CA7-690F-49F3-A6CE-8A0C6378EC9E,31042d9d-d116-46aa-bb11-952079bc8343,1,main,,,,,,
deckRelation,8C4C9CA7-690F-49F3-A6CE-8A0C6378EC9E,341e0b89-2cc6-4854-ab4f-c07379951a7e,1,main,,,,,,
deckRelation,8C4C9CA7-690F-49F3-A6CE-8A0C6378EC9E,da7b141e-3ec2-4a43-972a-514ffae5c923,1,main,,,,,,
deckRelation,8C4C9CA7-690F-49F3-A6CE-8A0C6378EC9E,ec017968-b23b-4aa6-9072-24f2b497ebed,1,main,,,,,,
deckRelation,8C4C9CA7-690F-49F3-A6CE-8A0C6378EC9E,0e1441f7-a18a-4af8-b452-44b2ad329fb5,1,main,,,,,,
deckRelation,8C4C9CA7-690F-49F3-A6CE-8A0C6378EC9E,6727fbcc-e6dd-40dd-9a10-1df3e8d5a43c,1,main,,,,,,
deckRelation,8C4C9CA7-690F-49F3-A6CE-8A0C6378EC9E,8b170abb-0b61-4def-b6b3-b7ae654a4a4a,1,main,,,,,,
deckRelation,8C4C9CA7-690F-49F3-A6CE-8A0C6378EC9E,021317af-9d2e-47e5-a502-ead281619350,1,main,,,,,,
deckRelation,8C4C9CA7-690F-49F3-A6CE-8A0C6378EC9E,27b4b309-b275-4989-b04b-c240a0b8700d,1,main,,,,,,
deckRelation,8C4C9CA7-690F-49F3-A6CE-8A0C6378EC9E,ca4c0131-580f-4f17-afcf-8b9fac3b0d5a,1,main,,,,,,
deckRelation,8C4C9CA7-690F-49F3-A6CE-8A0C6378EC9E,71752b61-c6a6-46d8-9de9-c79de6cf7d5d,1,main,,,,,,
deckRelation,8C4C9CA7-690F-49F3-A6CE-8A0C6378EC9E,73d9abf4-bebd-4e6e-a008-5a40bc90dae4,1,main,,,,,,
deckRelation,8C4C9CA7-690F-49F3-A6CE-8A0C6378EC9E,98d79f98-9f05-4df4-a806-0e5b879cb7d4,1,main,,,,,,
deckRelation,8C4C9CA7-690F-49F3-A6CE-8A0C6378EC9E,fe22e3ea-e231-4922-9963-55ac01802766,1,main,,,,,,
deckRelation,8C4C9CA7-690F-49F3-A6CE-8A0C6378EC9E,31aea020-5a79-40b4-a7c9-3fb044f424ff,1,main,,,,,,
deckRelation,8C4C9CA7-690F-49F3-A6CE-8A0C6378EC9E,29c846d6-ef24-416f-bfc5-2e0cc3ec839e,1,main,,,,,,
deckRelation,8C4C9CA7-690F-49F3-A6CE-8A0C6378EC9E,48712581-b77c-46e6-9792-743a733b9f97,1,main,,,,,,
deckRelation,8C4C9CA7-690F-49F3-A6CE-8A0C6378EC9E,e717dd15-835b-4cd6-bffa-423a8d16c1f1,1,main,,,,,,
deckRelation,8C4C9CA7-690F-49F3-A6CE-8A0C6378EC9E,dfb59b64-9f6e-4c85-81ad-c9d939764a51,1,main,,,,,,
deckRelation,8C4C9CA7-690F-49F3-A6CE-8A0C6378EC9E,5101529c-839d-4365-abc6-db2af3ba9ff1,1,main,,,,,,
deckRelation,8C4C9CA7-690F-49F3-A6CE-8A0C6378EC9E,0a351cec-c200-459d-9e81-605e6a45d192,1,main,,,,,,
deckRelation,8C4C9CA7-690F-49F3-A6CE-8A0C6378EC9E,0c323cdf-d841-405f-b7e1-d6d8d1585b1e,1,main,,,,,,
deckRelation,8C4C9CA7-690F-49F3-A6CE-8A0C6378EC9E,264ffafd-afd0-45f0-b1ac-309403ce00ec,1,main,,,,,,
deckRelation,8C4C9CA7-690F-49F3-A6CE-8A0C6378EC9E,c8254daa-e9ec-40fa-bc76-5f6d758d7f3c,1,main,,,,,,
deckRelation,8C4C9CA7-690F-49F3-A6CE-8A0C6378EC9E,a2a78ee4-37b6-49a1-9796-1bfa5a47aed3,1,main,,,,,,
deckRelation,8C4C9CA7-690F-49F3-A6CE-8A0C6378EC9E,1bb5015d-4ec0-4414-b9b2-a108a8f63b82,1,main,,,,,,
deckRelation,8C4C9CA7-690F-49F3-A6CE-8A0C6378EC9E,836e9039-dc0a-4874-99ce-8f89f28c3ca5,1,main,,,,,,
deckRelation,8C4C9CA7-690F-49F3-A6CE-8A0C6378EC9E,0d7f0b94-83fc-46e8-8f3e-7aea41fc1b6c,1,main,,,,,,
deckRelation,8C4C9CA7-690F-49F3-A6CE-8A0C6378EC9E,9753110b-6726-4e53-a136-f7fa9b5eddf3,1,main,,,,,,
deckRelation,8C4C9CA7-690F-49F3-A6CE-8A0C6378EC9E,e8102c36-ec83-490d-9643-734b827bae23,1,main,,,,,,
deckRelation,8C4C9CA7-690F-49F3-A6CE-8A0C6378EC9E,ff284917-f8e8-43da-8b33-de9f2f2798b9,1,main,,,,,,
deckRelation,8C4C9CA7-690F-49F3-A6CE-8A0C6378EC9E,f7837dde-3149-4229-8af5-bed3fbf26610,1,main,,,,,,
deckRelation,8C4C9CA7-690F-49F3-A6CE-8A0C6378EC9E,73077dbc-56cf-4658-be0e-b11ad996ed2e,1,main,,,,,,
deckRelation,8C4C9CA7-690F-49F3-A6CE-8A0C6378EC9E,65bf1f1d-31a0-4d1e-9d5c-47c7572bd2ec,1,main,,,,,,
deckRelation,8C4C9CA7-690F-49F3-A6CE-8A0C6378EC9E,ccd99fdd-12f8-4fcd-b382-7b6cb09d47df,1,main,,,,,,
deckRelation,8C4C9CA7-690F-49F3-A6CE-8A0C6378EC9E,0b82f16c-a627-49e6-8ae7-851490610bfb,1,main,,,,,,
deckRelation,8C4C9CA7-690F-49F3-A6CE-8A0C6378EC9E,1c383d52-4cd2-4d36-8cf2-9d5ce9fa06bb,1,main,,,,,,
deckRelation,8C4C9CA7-690F-49F3-A6CE-8A0C6378EC9E,d587571d-86bd-42b6-976f-ebedf855d6c8,1,main,,,,,,
deckRelation,8C4C9CA7-690F-49F3-A6CE-8A0C6378EC9E,c08e4ce4-997f-4260-81cc-17838d74cc4f,1,main,,,,,,
deckRelation,8C4C9CA7-690F-49F3-A6CE-8A0C6378EC9E,4a8a3af1-d557-417f-a108-5700cbe2a6a0,1,main,,,,,,
deckRelation,8C4C9CA7-690F-49F3-A6CE-8A0C6378EC9E,80052e9a-91c7-4401-9b5f-bc874c764581,1,main,,,,,,
deckRelation,8C4C9CA7-690F-49F3-A6CE-8A0C6378EC9E,15c83fc8-cfa9-4857-95c6-03866583c33e,1,main,,,,,,
deckRelation,8C4C9CA7-690F-49F3-A6CE-8A0C6378EC9E,de4d0c3e-aa98-4a5d-98e9-baad77b84704,1,main,,,,,,
deckRelation,8C4C9CA7-690F-49F3-A6CE-8A0C6378EC9E,b2e2c04e-7b1c-43f0-a093-ed3d98adc223,1,main,,,,,,
deckRelation,8C4C9CA7-690F-49F3-A6CE-8A0C6378EC9E,9d76bf0e-a0ae-4e12-bd6b-69f0ac15d2ea,1,main,,,,,,
deckRelation,8C4C9CA7-690F-49F3-A6CE-8A0C6378EC9E,c606eb11-1115-4660-a393-c5f733e67f54,1,main,,,,,,
deck,043893C8-4239-4733-9200-1868B920617D,Presentación - Dominaria,0,4,5,0,3,,,
deckRelation,043893C8-4239-4733-9200-1868B920617D,25ae445e-bfe2-4384-a3a5-4bdee6088d44,1,main,,,,,,
deckRelation,043893C8-4239-4733-9200-1868B920617D,cce617ec-cb3e-41e1-b6c5-241473a9378c,1,main,,,,,,
deckRelation,043893C8-4239-4733-9200-1868B920617D,6f64e51e-cef6-4d77-bfef-8518c034a249,1,main,,,,,,
deckRelation,043893C8-4239-4733-9200-1868B920617D,35a04d8d-a05d-4a97-94bb-48e3cb0a5c90,1,main,,,,,,
deckRelation,043893C8-4239-4733-9200-1868B920617D,ce77d881-d8f5-468d-be4c-d34d4d03b0ee,1,main,,,,,,
deckRelation,043893C8-4239-4733-9200-1868B920617D,916b456a-d189-4ecd-8511-5b152eba8d38,1,main,,,,,,
deckRelation,043893C8-4239-4733-9200-1868B920617D,1cd35759-e375-404c-89ad-955c06de1816,1,main,,,,,,
deckRelation,043893C8-4239-4733-9200-1868B920617D,32eb4681-a84d-4f45-bdaa-72905330b098,1,main,,,,,,
deckRelation,043893C8-4239-4733-9200-1868B920617D,6989fc23-04a3-4514-a3fb-5277d0c1080c,2,main,,,,,,
deckRelation,043893C8-4239-4733-9200-1868B920617D,ab8e3604-accd-4f35-a01c-0dcad6ce7900,1,main,,,,,,
deckRelation,043893C8-4239-4733-9200-1868B920617D,c10b509c-7b0f-40cf-afad-acf62ac73132,1,main,,,,,,
deckRelation,043893C8-4239-4733-9200-1868B920617D,0397076a-a105-418c-b1aa-3cf4b8805b6c,1,main,,,,,,
deckRelation,043893C8-4239-4733-9200-1868B920617D,755ede00-0184-4d3d-b48a-8a21a9c15c86,1,main,,,,,,
deckRelation,043893C8-4239-4733-9200-1868B920617D,df3f99ff-ad59-4a15-be55-a6f92ea8d3f2,1,main,,,,,,
deckRelation,043893C8-4239-4733-9200-1868B920617D,02a5d884-6f96-4d31-a75a-158034eef0d2,1,main,,,,,,
deckRelation,043893C8-4239-4733-9200-1868B920617D,6de1afc7-0a9e-4510-bbbb-aac6ddc151a5,1,main,,,,,,
deckRelation,043893C8-4239-4733-9200-1868B920617D,6e65b532-d9a1-4ba9-abc1-0ccac845b4c5,1,main,,,,,,
deckRelation,043893C8-4239-4733-9200-1868B920617D,6bd5fe0c-789a-4e3d-a7a7-9a8b1e9d574f,1,main,,,,,,
deckRelation,043893C8-4239-4733-9200-1868B920617D,393aeb17-089e-4c55-9a2e-6fd0f248f70d,1,main,,,,,,
deckRelation,043893C8-4239-4733-9200-1868B920617D,015649d6-bfdf-474b-9268-67da17eabf1d,1,main,,,,,,
deckRelation,043893C8-4239-4733-9200-1868B920617D,1257cb79-c16e-4ac4-8304-38ca0bd054cd,1,main,,,,,,
deckRelation,043893C8-4239-4733-9200-1868B920617D,e7135cb2-b6ea-491a-9cc1-25a5bc025671,1,main,,,,,,
deckRelation,043893C8-4239-4733-9200-1868B920617D,7d5ec67d-9f1e-4a35-a9af-4fcc578187d3,1,main,,,,,,
deckRelation,043893C8-4239-4733-9200-1868B920617D,bca07451-ef0b-489b-a83c-d6bf659105dc,1,main,,,,,,
deckRelation,043893C8-4239-4733-9200-1868B920617D,562e73c2-ee17-4f83-a61d-7d8b5525aefe,1,main,,,,,,
deckRelation,043893C8-4239-4733-9200-1868B920617D,0d60fe6e-1361-4688-9e47-b9e5678fb494,1,main,,,,,,
deckRelation,043893C8-4239-4733-9200-1868B920617D,1d88c38b-783b-4a64-be87-b8c7bbdbe093,1,main,,,,,,
deck,86463464-823E-4B56-9BB4-3792636D6579,Presentación - Brother War,6,0,9,0,0,,,
deckRelation,86463464-823E-4B56-9BB4-3792636D6579,b4d2e216-ca36-413c-a7f5-25fb6ffac31d,1,main,,,,,,
deckRelation,86463464-823E-4B56-9BB4-3792636D6579,119e5831-5231-4d5f-ade9-fb8c3264a560,1,main,,,,,,
deckRelation,86463464-823E-4B56-9BB4-3792636D6579,c16bd365-7ceb-48de-9670-f5e08185e8c6,1,main,,,,,,
deckRelation,86463464-823E-4B56-9BB4-3792636D6579,1d5fd811-1cc7-4405-935f-f67377075a09,1,main,,,,,,
deckRelation,86463464-823E-4B56-9BB4-3792636D6579,88da8ece-59c8-4e4a-b1b8-1d1d81e262e2,2,main,,,,,,
deckRelation,86463464-823E-4B56-9BB4-3792636D6579,b4ae22a8-56a9-4da2-beaf-330df5aac1bc,1,main,,,,,,
deckRelation,86463464-823E-4B56-9BB4-3792636D6579,b29c9e4f-7b98-4610-a681-ae6297e8fc72,1,main,,,,,,
deckRelation,86463464-823E-4B56-9BB4-3792636D6579,806afa90-2921-4c67-a118-0cbf0f21f7b6,1,main,,,,,,
deckRelation,86463464-823E-4B56-9BB4-3792636D6579,32cb8d9b-1e35-41b5-90bd-49d924d59af7,1,main,,,,,,
deckRelation,86463464-823E-4B56-9BB4-3792636D6579,498a5cbd-f8ea-4523-9c8a-eb9b1301b854,1,main,,,,,,
deckRelation,86463464-823E-4B56-9BB4-3792636D6579,b2670201-da0f-4a5f-9179-177b70dee78c,1,main,,,,,,
deckRelation,86463464-823E-4B56-9BB4-3792636D6579,8e6d715d-dd41-4761-9c45-8ebd05934d55,1,main,,,,,,
deckRelation,86463464-823E-4B56-9BB4-3792636D6579,59e62455-3af2-4466-b1d4-a412122419a8,1,main,,,,,,
deckRelation,86463464-823E-4B56-9BB4-3792636D6579,74b76b8f-0a40-4f5f-b7bb-15ed2c42c8c9,1,main,,,,,,
deckRelation,86463464-823E-4B56-9BB4-3792636D6579,c05d2924-77bf-4b79-8aff-12d0d4bee68e,1,main,,,,,,
deckRelation,86463464-823E-4B56-9BB4-3792636D6579,430470a2-3a1e-4715-a4bd-14de04940799,1,main,,,,,,
deckRelation,86463464-823E-4B56-9BB4-3792636D6579,77ba18f8-fcf2-449c-8e15-0df8357667a4,1,main,,,,,,
deckRelation,86463464-823E-4B56-9BB4-3792636D6579,915c0fa5-43ec-4421-8e56-c097b5841675,1,main,,,,,,
deckRelation,86463464-823E-4B56-9BB4-3792636D6579,720f2160-a9a6-4c07-b4aa-6fc586c934ff,1,main,,,,,,
deckRelation,86463464-823E-4B56-9BB4-3792636D6579,f24d0459-c1f3-46eb-b724-be7307fdf4f6,1,main,,,,,,
deckRelation,86463464-823E-4B56-9BB4-3792636D6579,31a9c240-e8d4-461d-95ca-20c4a2894d49,1,main,,,,,,
deckRelation,86463464-823E-4B56-9BB4-3792636D6579,d5e743ab-d5fc-43eb-a77d-7f59cec9b46a,1,main,,,,,,
deckRelation,86463464-823E-4B56-9BB4-3792636D6579,61e2b79f-9a49-4987-bed1-6033f422f634,1,main,,,,,,
deckRelation,86463464-823E-4B56-9BB4-3792636D6579,e6d256a8-18bc-46a1-bb52-56fa41ec94ac,1,main,,,,,,
deckRelation,86463464-823E-4B56-9BB4-3792636D6579,a2c97c38-2dd8-424a-be23-702a1b4b7b35,1,main,,,,,,
deckRelation,86463464-823E-4B56-9BB4-3792636D6579,d9278406-5fdd-473f-8040-ac7fcdd7636b,1,main,,,,,,
deckRelation,86463464-823E-4B56-9BB4-3792636D6579,45b1b813-d3ce-4e3b-a6c7-04fa40b6a9cb,1,main,,,,,,
deckRelation,86463464-823E-4B56-9BB4-3792636D6579,b38ae594-9b6c-4a68-9b7e-68cf0e283fa0,1,main,,,,,,
deck,37750DBF-E8F0-4699-B21A-E32E85A2B0B9,Jauría de lobos,12,0,0,13,0,,,
deckRelation,37750DBF-E8F0-4699-B21A-E32E85A2B0B9,d2a7a401-0589-4c2d-9d1a-d77dce47a0db,1,main,,,,,,
deckRelation,37750DBF-E8F0-4699-B21A-E32E85A2B0B9,d2a13669-4656-476a-8984-ec3d47960907,1,main,,,,,,
deckRelation,37750DBF-E8F0-4699-B21A-E32E85A2B0B9,8f2ef2d3-0fe9-44eb-a8bb-dd39988fb252,1,main,,,,,,
deckRelation,37750DBF-E8F0-4699-B21A-E32E85A2B0B9,a0179d85-37ad-4818-9954-b8958f203345,1,main,,,,,,
deckRelation,37750DBF-E8F0-4699-B21A-E32E85A2B0B9,748f263e-efef-4033-8950-c58fd024a87f,1,main,,,,,,
deckRelation,37750DBF-E8F0-4699-B21A-E32E85A2B0B9,7f429c2b-1fd3-4216-be06-73aa30b3fa27,1,main,,,,,,
deckRelation,37750DBF-E8F0-4699-B21A-E32E85A2B0B9,ddf0576a-4cd7-49e5-b525-183a1e8e4f38,1,main,,,,,,
deckRelation,37750DBF-E8F0-4699-B21A-E32E85A2B0B9,f3d1e90b-0c99-46da-b4f6-4b7be27dbd5c,1,main,,,,,,
deckRelation,37750DBF-E8F0-4699-B21A-E32E85A2B0B9,c6ca6e40-f0a6-4398-b795-f425d218bd9e,1,main,,,,,,
deckRelation,37750DBF-E8F0-4699-B21A-E32E85A2B0B9,b490d57a-e073-4138-aa74-c2817892ffdb,1,main,,,,,,
deckRelation,37750DBF-E8F0-4699-B21A-E32E85A2B0B9,1f7c6a46-bfe0-49a0-822b-03ba835f4391,1,main,,,,,,
deckRelation,37750DBF-E8F0-4699-B21A-E32E85A2B0B9,0539b1a5-8704-476f-ba1f-2fe01190e157,1,main,,,,,,
deckRelation,37750DBF-E8F0-4699-B21A-E32E85A2B0B9,0f250487-5642-4825-a796-87c7fde2efab,1,main,,,,,,
deckRelation,37750DBF-E8F0-4699-B21A-E32E85A2B0B9,1e8c0d12-a645-4089-a395-23d292269f18,1,main,,,,,,
deckRelation,37750DBF-E8F0-4699-B21A-E32E85A2B0B9,9326061f-ea76-4be7-a06f-aefb63454777,1,main,,,,,,
deckRelation,37750DBF-E8F0-4699-B21A-E32E85A2B0B9,bf6069f2-7a32-4cb7-b2ab-ea6b51267cca,1,main,,,,,,
deckRelation,37750DBF-E8F0-4699-B21A-E32E85A2B0B9,4ca942d7-a3a3-429f-a159-fc2363d9bca6,1,main,,,,,,
deckRelation,37750DBF-E8F0-4699-B21A-E32E85A2B0B9,eaff0a1e-b65a-422f-8f9f-65fac037047d,1,main,,,,,,
deckRelation,37750DBF-E8F0-4699-B21A-E32E85A2B0B9,83218607-240e-4473-8b0b-6b4670b010e6,1,main,,,,,,
deckRelation,37750DBF-E8F0-4699-B21A-E32E85A2B0B9,1303e02a-ef69-4817-bca5-02c74774b811,1,main,,,,,,
deckRelation,37750DBF-E8F0-4699-B21A-E32E85A2B0B9,4d3a089f-2049-406f-aa7e-2fdcbc59a826,1,main,,,,,,
deckRelation,37750DBF-E8F0-4699-B21A-E32E85A2B0B9,2e173493-8ed6-47fe-9be9-71e887cd5611,1,main,,,,,,
deckRelation,37750DBF-E8F0-4699-B21A-E32E85A2B0B9,c882efbc-8443-4521-9e6a-807997a6439b,1,main,,,,,,
deckRelation,37750DBF-E8F0-4699-B21A-E32E85A2B0B9,5eb3a08e-1d31-4ab9-854f-a86b060696ec,1,main,,,,,,
deckRelation,37750DBF-E8F0-4699-B21A-E32E85A2B0B9,4570117d-c04b-4bdc-b804-21d49154721b,1,main,,,,,,
deckRelation,37750DBF-E8F0-4699-B21A-E32E85A2B0B9,6f35e364-81d9-4888-993b-acc7a53d963c,1,main,,,,,,
deckRelation,37750DBF-E8F0-4699-B21A-E32E85A2B0B9,c59b2ab3-c5e3-4599-9af0-3fa7a9544b97,1,main,,,,,,
deckRelation,37750DBF-E8F0-4699-B21A-E32E85A2B0B9,d9db0113-b3e1-4bbf-a053-2311167f54a4,1,main,,,,,,
deckRelation,37750DBF-E8F0-4699-B21A-E32E85A2B0B9,de5cc981-afe1-44fb-9622-678ac6697931,1,main,,,,,,
deckRelation,37750DBF-E8F0-4699-B21A-E32E85A2B0B9,c0c358b4-5af2-438f-8bd5-beb0ee6b518b,1,main,,,,,,
deckRelation,37750DBF-E8F0-4699-B21A-E32E85A2B0B9,3ee3f0ed-e4ea-483e-bacc-d58bcf9e07b5,1,main,,,,,,
deckRelation,37750DBF-E8F0-4699-B21A-E32E85A2B0B9,3983a304-5040-4b8d-945a-bf4ede3104a8,1,main,,,,,,
deckRelation,37750DBF-E8F0-4699-B21A-E32E85A2B0B9,7a743426-6333-4ca6-9207-163b325ba435,1,main,,,,,,
deckRelation,37750DBF-E8F0-4699-B21A-E32E85A2B0B9,b124ccc4-76e3-41a4-92b2-8f1d06ea9cb8,1,main,,,,,,
deckRelation,37750DBF-E8F0-4699-B21A-E32E85A2B0B9,685b0777-b4e1-4c85-ad35-524024cb3a71,1,main,,,,,,
deckRelation,37750DBF-E8F0-4699-B21A-E32E85A2B0B9,60e53d61-fcc3-4def-8206-052b46f62deb,1,main,,,,,,
deckRelation,37750DBF-E8F0-4699-B21A-E32E85A2B0B9,a119edc2-9e0f-43d1-a13d-25827f86e3e3,1,main,,,,,,
deckRelation,37750DBF-E8F0-4699-B21A-E32E85A2B0B9,b37aa12c-a6b3-4cf8-b5a4-0a999ff12d02,1,main,,,,,,
deckRelation,37750DBF-E8F0-4699-B21A-E32E85A2B0B9,800cef89-e90c-4f84-a7a0-3cd203532169,1,main,,,,,,
deckRelation,37750DBF-E8F0-4699-B21A-E32E85A2B0B9,e855fe10-6603-4377-bcb6-8a606d8d59f4,1,main,,,,,,
deckRelation,37750DBF-E8F0-4699-B21A-E32E85A2B0B9,da57eb54-5199-4a56-95f7-f6ac432876b1,1,main,,,,,,
deckRelation,37750DBF-E8F0-4699-B21A-E32E85A2B0B9,effe3fab-6d13-4603-8a21-8a3c2a0d9e08,1,main,,,,,,
deckRelation,37750DBF-E8F0-4699-B21A-E32E85A2B0B9,7247d5ab-2897-4c89-a030-2947328a0c9e,1,main,,,,,,
deckRelation,37750DBF-E8F0-4699-B21A-E32E85A2B0B9,e1915d93-c7dd-4bb7-bd5c-63a359a02b97,1,main,,,,,,
deckRelation,37750DBF-E8F0-4699-B21A-E32E85A2B0B9,8f7005fd-5917-4f7d-9a7d-7ccc044d0f87,1,main,,,,,,
deckRelation,37750DBF-E8F0-4699-B21A-E32E85A2B0B9,7eadf4ea-1fd8-4f35-baf6-c9e7ce706795,1,main,,,,,,
deckRelation,37750DBF-E8F0-4699-B21A-E32E85A2B0B9,35e17f53-021b-484b-9ede-524742fe8aae,1,main,,,,,,
deckRelation,37750DBF-E8F0-4699-B21A-E32E85A2B0B9,9bd15da6-2b86-4dba-951d-318c7d9a5dde,1,main,,,,,,
deckRelation,37750DBF-E8F0-4699-B21A-E32E85A2B0B9,7ca392ca-3219-4694-9a74-aa079c76b91e,1,main,,,,,,
deckRelation,37750DBF-E8F0-4699-B21A-E32E85A2B0B9,e88e6b39-bb4d-4d69-8007-d42f31bcbc29,1,main,,,,,,
deckRelation,37750DBF-E8F0-4699-B21A-E32E85A2B0B9,34261992-db62-49e3-95bc-1b2960868de4,1,main,,,,,,
deckRelation,37750DBF-E8F0-4699-B21A-E32E85A2B0B9,bfba6591-2af4-4f8a-960c-a40d9316f197,1,main,,,,,,
deckRelation,37750DBF-E8F0-4699-B21A-E32E85A2B0B9,99851c1b-8878-4c1e-906b-f6b70e53d714,1,main,,,,,,
deckRelation,37750DBF-E8F0-4699-B21A-E32E85A2B0B9,50d4b0df-a1d8-494f-a019-70ce34161320,1,main,,,,,,
deckRelation,37750DBF-E8F0-4699-B21A-E32E85A2B0B9,0cb3acac-6004-4ba7-9151-003023108b80,1,main,,,,,,
deckRelation,37750DBF-E8F0-4699-B21A-E32E85A2B0B9,cb168e3c-2c78-4e70-a39b-06aa6a47998c,1,main,,,,,,
deckRelation,37750DBF-E8F0-4699-B21A-E32E85A2B0B9,9200f633-3792-4a41-a402-fb58deeae589,1,main,,,,,,
deckRelation,37750DBF-E8F0-4699-B21A-E32E85A2B0B9,0ae5772a-d666-4adb-91aa-0cb2d5f57519,1,main,,,,,,
deckRelation,37750DBF-E8F0-4699-B21A-E32E85A2B0B9,39226a07-d44e-41a6-b9f1-685ef505d015,1,main,,,,,,
deckRelation,37750DBF-E8F0-4699-B21A-E32E85A2B0B9,d00e0474-a696-47cc-b7ec-da850d11a9e0,1,main,,,,,,
deckRelation,37750DBF-E8F0-4699-B21A-E32E85A2B0B9,9f795085-62e6-42b4-ac91-262f15877a9f,1,main,,,,,,
deckRelation,37750DBF-E8F0-4699-B21A-E32E85A2B0B9,df33559d-7361-41c8-a4b7-71c0fe96260c,1,main,,,,,,
deckRelation,37750DBF-E8F0-4699-B21A-E32E85A2B0B9,7e6ec69d-15d4-422a-91b9-ed69e96cc3c8,1,main,,,,,,
deckRelation,37750DBF-E8F0-4699-B21A-E32E85A2B0B9,1c5232ae-e2f9-41df-872f-e048fb7e4d08,1,main,,,,,,
deckRelation,37750DBF-E8F0-4699-B21A-E32E85A2B0B9,d30c9507-71dd-402a-b8c3-da532d180591,1,main,,,,,,
deckRelation,37750DBF-E8F0-4699-B21A-E32E85A2B0B9,0c39aa40-ef5f-40f1-a6dd-fbce91172c50,1,main,,,,,,
deckRelation,37750DBF-E8F0-4699-B21A-E32E85A2B0B9,072f47ad-3055-4bd2-b7fd-cfbd22720d58,1,main,,,,,,
deckRelation,37750DBF-E8F0-4699-B21A-E32E85A2B0B9,1bf48d2b-eb68-4f47-a80a-4751a4fa20a7,1,main,,,,,,
deckRelation,37750DBF-E8F0-4699-B21A-E32E85A2B0B9,27476d9c-006d-4227-a5f2-49c7234b84a1,1,main,,,,,,
deckRelation,37750DBF-E8F0-4699-B21A-E32E85A2B0B9,d207f03d-4c7b-444f-bf95-e63f7004d525,1,main,,,,,,
deckRelation,37750DBF-E8F0-4699-B21A-E32E85A2B0B9,28bc2848-b6fb-444d-b909-01c712696547,1,main,,,,,,
deckRelation,37750DBF-E8F0-4699-B21A-E32E85A2B0B9,c7ceaf83-09c0-4492-a75d-4c47bd421858,1,main,,,,,,
deckRelation,37750DBF-E8F0-4699-B21A-E32E85A2B0B9,766b7834-f54e-4948-80c5-bc37c1d5344e,1,main,,,,,,
deckRelation,37750DBF-E8F0-4699-B21A-E32E85A2B0B9,5b64cfc0-dace-4f54-b2b1-c92d8cb64c35,1,main,,,,,,
deck,8002A5FF-657C-4A37-96B7-74E3A9970062,Presentación - Las tierras salvajes de Eldraine,0,8,10,0,0,,,
deckRelation,8002A5FF-657C-4A37-96B7-74E3A9970062,9a1f4633-e78a-49f5-a717-005f53390235,1,main,,,,,,
deckRelation,8002A5FF-657C-4A37-96B7-74E3A9970062,5ce2e7ec-9185-4edf-91ca-e66ce79372cc,1,main,,,,,,
deckRelation,8002A5FF-657C-4A37-96B7-74E3A9970062,8e4a38fb-8a9b-4317-b12c-a7b397f10f7c,1,main,,,,,,
deckRelation,8002A5FF-657C-4A37-96B7-74E3A9970062,8ee81bf6-1a7d-4934-ae36-f3ee58376d5f,1,main,,,,,,
deckRelation,8002A5FF-657C-4A37-96B7-74E3A9970062,439d6697-be3f-4ab6-9eff-833968efaaef,1,main,,,,,,
deckRelation,8002A5FF-657C-4A37-96B7-74E3A9970062,e2107026-8838-40e4-99a7-e04017278a29,1,main,,,,,,
deckRelation,8002A5FF-657C-4A37-96B7-74E3A9970062,ab2d5cda-b395-457a-bf0a-54372005dd28,1,main,,,,,,
deckRelation,8002A5FF-657C-4A37-96B7-74E3A9970062,34a04ead-c999-43b9-b3b9-489d42f7e08b,1,main,,,,,,
deckRelation,8002A5FF-657C-4A37-96B7-74E3A9970062,aa7559b0-c6bf-4260-84f7-1d605c1a8645,1,main,,,,,,
deckRelation,8002A5FF-657C-4A37-96B7-74E3A9970062,88bd0aac-0c1f-4d10-b6ca-5e1a3128be11,1,main,,,,,,
deckRelation,8002A5FF-657C-4A37-96B7-74E3A9970062,e656c0c4-78a2-4c83-9dac-c600666a3427,1,main,,,,,,
deckRelation,8002A5FF-657C-4A37-96B7-74E3A9970062,cf6b70bb-a715-4abe-986a-4eb0ed23d5fe,1,main,,,,,,
deckRelation,8002A5FF-657C-4A37-96B7-74E3A9970062,cb2e03f0-9412-4811-adc5-21d46e058064,1,main,,,,,,
deckRelation,8002A5FF-657C-4A37-96B7-74E3A9970062,37da78a6-824f-411c-bc00-7d88ceab318a,1,main,,,,,,
deckRelation,8002A5FF-657C-4A37-96B7-74E3A9970062,cd4ea22a-7fa7-4584-a41d-2322c567edb7,1,main,,,,,,
deckRelation,8002A5FF-657C-4A37-96B7-74E3A9970062,fcd85f11-a750-4ed2-ba2e-650185cb7038,2,main,,,,,,
deckRelation,8002A5FF-657C-4A37-96B7-74E3A9970062,cbb82cd1-cd13-4fec-a8b4-937b883f6b59,2,main,,,,,,
deckRelation,8002A5FF-657C-4A37-96B7-74E3A9970062,27544dd8-c17c-4c36-8b0a-d6343d9e672c,1,main,,,,,,
deckRelation,8002A5FF-657C-4A37-96B7-74E3A9970062,b8d555ec-bf38-4398-bf8e-7160be4ddfaf,1,main,,,,,,
deckRelation,8002A5FF-657C-4A37-96B7-74E3A9970062,e6088609-00ae-4276-af0a-583799e92b67,1,main,,,,,,
deckRelation,8002A5FF-657C-4A37-96B7-74E3A9970062,586f10a3-00e5-4e0e-9417-f41eb33fb912,1,main,,,,,,
deckRelation,8002A5FF-657C-4A37-96B7-74E3A9970062,932205d1-1e1f-493e-914b-bfe23c04543c,1,main,,,,,,
deckRelation,8002A5FF-657C-4A37-96B7-74E3A9970062,41eb5b79-8ffe-49f1-918a-d934f0fdc8a9,1,main,,,,,,
deckRelation,8002A5FF-657C-4A37-96B7-74E3A9970062,6de92eb4-113c-447e-9167-12e15fee4cbb,1,main,,,,,,
deck,61184C47-F1E7-401B-88D3-7FE67564D97A,Presentación - Final Fantasy,9,0,0,9,0,,,
deckRelation,61184C47-F1E7-401B-88D3-7FE67564D97A,7beccfa6-3e4b-4460-954e-870cb39e462d,1,main,,,,,,
deckRelation,61184C47-F1E7-401B-88D3-7FE67564D97A,cd5b9daf-6325-4eb4-a069-4a8cc7807884,1,main,,,,,,
deckRelation,61184C47-F1E7-401B-88D3-7FE67564D97A,98366937-d15b-4a66-b9f6-878d50b63871,1,main,,,,,,
deckRelation,61184C47-F1E7-401B-88D3-7FE67564D97A,49cd4efa-4df4-4257-9a42-60330f7781e2,1,main,,,,,,
deckRelation,61184C47-F1E7-401B-88D3-7FE67564D97A,ec8ab637-3d7d-4712-9f83-8920f808f715,1,main,,,,,,
deckRelation,61184C47-F1E7-401B-88D3-7FE67564D97A,11f1d378-c78c-402a-ac46-2d32598c23e7,1,main,,,,,,
deckRelation,61184C47-F1E7-401B-88D3-7FE67564D97A,dc420e79-c483-474f-97cd-e9c6a636c306,1,main,,,,,,
deckRelation,61184C47-F1E7-401B-88D3-7FE67564D97A,d6e1dee0-e2cd-4899-a3ea-7d0df717c9ab,1,main,,,,,,
deckRelation,61184C47-F1E7-401B-88D3-7FE67564D97A,784287c2-43c5-4210-93ae-cdd33b9acb1b,1,main,,,,,,
deckRelation,61184C47-F1E7-401B-88D3-7FE67564D97A,c25960e0-5779-4e20-89f3-03950ad9d91c,1,main,,,,,,
deckRelation,61184C47-F1E7-401B-88D3-7FE67564D97A,c6c73092-5195-4bdc-b039-a699f6e297b2,1,main,,,,,,
deckRelation,61184C47-F1E7-401B-88D3-7FE67564D97A,c38c98bb-74c9-460f-9997-ea5c5f922347,1,main,,,,,,
deckRelation,61184C47-F1E7-401B-88D3-7FE67564D97A,020dee17-d85b-44c4-9faa-b1ef977956f4,1,main,,,,,,
deckRelation,61184C47-F1E7-401B-88D3-7FE67564D97A,32eb192b-de6b-4814-8077-628d343d014e,1,main,,,,,,
deckRelation,61184C47-F1E7-401B-88D3-7FE67564D97A,db01c222-8795-47e9-a789-e7f749a3ee7d,1,main,,,,,,
deckRelation,61184C47-F1E7-401B-88D3-7FE67564D97A,bc10d648-4053-460f-bc52-9c20477bf6de,1,main,,,,,,
deckRelation,61184C47-F1E7-401B-88D3-7FE67564D97A,b2e1986c-2852-4843-bdc4-eddb727ba3d4,1,main,,,,,,
deckRelation,61184C47-F1E7-401B-88D3-7FE67564D97A,12df1295-8b08-4c8e-bac9-55b4f514c0be,1,main,,,,,,
deckRelation,61184C47-F1E7-401B-88D3-7FE67564D97A,ea430b17-2014-4b8e-b53f-43bcfc06f7cd,1,main,,,,,,
deckRelation,61184C47-F1E7-401B-88D3-7FE67564D97A,3d3e926a-74af-4996-849f-d31e0fdedeae,1,main,,,,,,
deckRelation,61184C47-F1E7-401B-88D3-7FE67564D97A,cb98a7dd-542e-4448-b3bb-ff5d67a36535,1,main,,,,,,
deckRelation,61184C47-F1E7-401B-88D3-7FE67564D97A,9921f646-e893-44db-ac89-0633c1009788,1,main,,,,,,
deckRelation,61184C47-F1E7-401B-88D3-7FE67564D97A,bd2db3f5-fd0d-4817-af90-6bea1f07e16b,1,main,,,,,,
deckRelation,61184C47-F1E7-401B-88D3-7FE67564D97A,f61693a2-7042-44e0-85ba-9bf12ab94e7e,1,main,,,,,,
deckRelation,61184C47-F1E7-401B-88D3-7FE67564D97A,fb781323-2746-405d-a9b2-e778c037a6e9,1,main,,,,,,
deckRelation,61184C47-F1E7-401B-88D3-7FE67564D97A,900206f1-7dd6-4db9-a430-73e560fd196b,1,main,,,,,,
deckRelation,61184C47-F1E7-401B-88D3-7FE67564D97A,2ac03e90-1e16-453f-88e4-a0448db73403,1,main,,,,,,
deck,ED0DA919-8D43-43D1-90A0-2FC0449FE94F,Counter Blitz,0,0,0,0,0,,,
deckRelation,ED0DA919-8D43-43D1-90A0-2FC0449FE94F,8150be1a-4bac-4c67-9165-9d6fc04a69cc,1,main,,,,,,
deckRelation,ED0DA919-8D43-43D1-90A0-2FC0449FE94F,f1ac3b7f-a1db-49df-ba02-fc80cb2f70af,1,main,,,,,,
deckRelation,ED0DA919-8D43-43D1-90A0-2FC0449FE94F,42006bd4-f6f0-4638-a50e-46d9d7a54b6e,1,main,,,,,,
deckRelation,ED0DA919-8D43-43D1-90A0-2FC0449FE94F,5bcf7495-a8af-4c7f-a27d-be27748f64e0,1,main,,,,,,
deckRelation,ED0DA919-8D43-43D1-90A0-2FC0449FE94F,351f791c-4bee-4fce-aee4-d0214ca0c945,1,main,,,,,,
deckRelation,ED0DA919-8D43-43D1-90A0-2FC0449FE94F,9df4b5a2-95bf-4268-9d75-6065176651d1,1,main,,,,,,
deckRelation,ED0DA919-8D43-43D1-90A0-2FC0449FE94F,9c0b1d5d-2b10-4dde-bb95-8cbf780cca97,1,main,,,,,,
deckRelation,ED0DA919-8D43-43D1-90A0-2FC0449FE94F,fc99e7b0-0f2c-4a2b-938b-abd31b71cd4f,1,main,,,,,,
deckRelation,ED0DA919-8D43-43D1-90A0-2FC0449FE94F,d377cc5f-f6eb-4ed0-a358-af22245f3550,1,main,,,,,,
deckRelation,ED0DA919-8D43-43D1-90A0-2FC0449FE94F,afe2ebec-0310-4b2f-ace4-fb293a1e4837,1,main,,,,,,
deckRelation,ED0DA919-8D43-43D1-90A0-2FC0449FE94F,e0474d99-48e5-4e60-8cd6-537a10bcfea5,1,main,,,,,,
deckRelation,ED0DA919-8D43-43D1-90A0-2FC0449FE94F,930da933-4263-40ff-96af-4bd9e797249e,1,main,,,,,,
deckRelation,ED0DA919-8D43-43D1-90A0-2FC0449FE94F,eeecf096-87dd-4dcb-953f-700445bf3f3a,1,main,,,,,,
deckRelation,ED0DA919-8D43-43D1-90A0-2FC0449FE94F,be938240-214d-4726-ba2a-aaedc5bbe7ba,1,main,,,,,,
deckRelation,ED0DA919-8D43-43D1-90A0-2FC0449FE94F,9a34ac23-e318-4c0b-ab4c-e1eaa0e2547e,1,main,,,,,,
deckRelation,ED0DA919-8D43-43D1-90A0-2FC0449FE94F,4d8b6418-da30-4c68-b87c-3936eb77620c,1,main,,,,,,
deckRelation,ED0DA919-8D43-43D1-90A0-2FC0449FE94F,fe1023a2-c096-4c62-8627-e865b348ba02,1,main,,,,,,
deckRelation,ED0DA919-8D43-43D1-90A0-2FC0449FE94F,c52038c8-5bba-4d8e-845f-30af44300acc,1,main,,,,,,
deckRelation,ED0DA919-8D43-43D1-90A0-2FC0449FE94F,348d4546-3da5-4f78-82f3-9a79d2f9b0d1,1,main,,,,,,
deckRelation,ED0DA919-8D43-43D1-90A0-2FC0449FE94F,f1cb4775-8e14-4c83-a417-40d1432ac90a,1,main,,,,,,
deckRelation,ED0DA919-8D43-43D1-90A0-2FC0449FE94F,347e00db-abcf-4053-aa27-4a5b42e1da55,1,main,,,,,,
deckRelation,ED0DA919-8D43-43D1-90A0-2FC0449FE94F,4dd83a5d-1908-4141-8449-fac5e77cd6c0,1,main,,,,,,
deckRelation,ED0DA919-8D43-43D1-90A0-2FC0449FE94F,7ac60dfc-040e-4cc1-a967-3c915770fc8e,1,main,,,,,,
deckRelation,ED0DA919-8D43-43D1-90A0-2FC0449FE94F,977bf5a1-81f2-4c5b-a227-347bf8e19554,1,main,,,,,,
deckRelation,ED0DA919-8D43-43D1-90A0-2FC0449FE94F,a992fad9-1dd1-47fe-b315-a62f7875f3be,1,main,,,,,,
deckRelation,ED0DA919-8D43-43D1-90A0-2FC0449FE94F,defd23e2-9459-45b1-ba18-3661b220fac6,1,main,,,,,,
deckRelation,ED0DA919-8D43-43D1-90A0-2FC0449FE94F,9d860089-fb88-4736-b7f4-b605551bedc8,1,main,,,,,,
deckRelation,ED0DA919-8D43-43D1-90A0-2FC0449FE94F,5d33aeaa-df27-4c41-9926-79e9dc6a9c69,1,main,,,,,,
deckRelation,ED0DA919-8D43-43D1-90A0-2FC0449FE94F,3ede4ff9-b0f6-4075-b7ad-3ec90497d0f6,1,main,,,,,,
deckRelation,ED0DA919-8D43-43D1-90A0-2FC0449FE94F,e99933e3-9237-45e8-b067-44367fc21430,1,main,,,,,,
deckRelation,ED0DA919-8D43-43D1-90A0-2FC0449FE94F,ad09a5c2-3081-4d5d-9c0f-037e045e9045,1,main,,,,,,
deckRelation,ED0DA919-8D43-43D1-90A0-2FC0449FE94F,134ef3cd-01ac-4d60-a277-df7ab7b8f88c,1,main,,,,,,
deckRelation,ED0DA919-8D43-43D1-90A0-2FC0449FE94F,8f4a43b9-6ee8-4b89-b204-83093fba8de4,1,main,,,,,,
deckRelation,ED0DA919-8D43-43D1-90A0-2FC0449FE94F,81e28e36-893f-4b34-aef7-5f2c15dc231c,1,main,,,,,,
deckRelation,ED0DA919-8D43-43D1-90A0-2FC0449FE94F,50507ec0-72ff-4110-a73c-b6f256ac2e35,1,main,,,,,,
deckRelation,ED0DA919-8D43-43D1-90A0-2FC0449FE94F,b92ec9f6-a56d-40c6-aee2-7d5e1524c985,1,main,,,,,,
deckRelation,ED0DA919-8D43-43D1-90A0-2FC0449FE94F,3d08f6a6-316d-45d8-aabe-1760a20903ac,1,main,,,,,,
deckRelation,ED0DA919-8D43-43D1-90A0-2FC0449FE94F,be72862d-d71e-4b18-98a6-59019399f631,1,main,,,,,,
deckRelation,ED0DA919-8D43-43D1-90A0-2FC0449FE94F,bba46570-dca2-4849-966a-0972e6a4c506,1,main,,,,,,
deckRelation,ED0DA919-8D43-43D1-90A0-2FC0449FE94F,5044eedb-f7d9-4b65-aa5b-fb494d00facd,1,main,,,,,,
deckRelation,ED0DA919-8D43-43D1-90A0-2FC0449FE94F,2ce4ebd2-c3e6-4299-bdb7-8e5eb1834168,1,main,,,,,,
deckRelation,ED0DA919-8D43-43D1-90A0-2FC0449FE94F,694e5322-b7c9-4f38-97ce-0b03a391a453,1,main,,,,,,
deckRelation,ED0DA919-8D43-43D1-90A0-2FC0449FE94F,5fc6876d-7441-42ac-b9a1-c10a0f6a387a,1,main,,,,,,
deckRelation,ED0DA919-8D43-43D1-90A0-2FC0449FE94F,e874e435-7ade-4299-9803-1358c0f07a8f,1,main,,,,,,
deckRelation,ED0DA919-8D43-43D1-90A0-2FC0449FE94F,1219d294-22b3-45de-91d9-8d80e27c2fd6,1,main,,,,,,
deckRelation,ED0DA919-8D43-43D1-90A0-2FC0449FE94F,9dd2d666-7c6b-48ce-93dc-c004ebdd1fe9,1,main,,,,,,
deckRelation,ED0DA919-8D43-43D1-90A0-2FC0449FE94F,0f4f6de2-1c3d-4f3b-b999-70879f9cbb26,1,main,,,,,,
deckRelation,ED0DA919-8D43-43D1-90A0-2FC0449FE94F,917e9267-010d-450c-ab98-6f861250c437,1,main,,,,,,
deckRelation,ED0DA919-8D43-43D1-90A0-2FC0449FE94F,fda23b02-c650-4092-a35d-ae330547c425,1,main,,,,,,
deckRelation,ED0DA919-8D43-43D1-90A0-2FC0449FE94F,353758ce-419f-4f6a-93f4-42a746c4a26d,1,main,,,,,,
deckRelation,ED0DA919-8D43-43D1-90A0-2FC0449FE94F,99e1d96f-c326-49b2-9a24-6e3e5465047e,1,main,,,,,,
deckRelation,ED0DA919-8D43-43D1-90A0-2FC0449FE94F,1028b210-db71-4bbd-8bd7-59dc4032f426,1,main,,,,,,
deckRelation,ED0DA919-8D43-43D1-90A0-2FC0449FE94F,de0f3be6-4e5b-4186-af49-fe3dadadcd01,1,main,,,,,,
deckRelation,ED0DA919-8D43-43D1-90A0-2FC0449FE94F,9f89d20d-bb8b-4da8-97c7-1058c1b60325,1,main,,,,,,
deckRelation,ED0DA919-8D43-43D1-90A0-2FC0449FE94F,605b2218-0eab-4c9d-a5d8-7fab342137a0,1,main,,,,,,
deckRelation,ED0DA919-8D43-43D1-90A0-2FC0449FE94F,a06fe501-0e25-46ee-8ed8-055f3bf636cd,1,main,,,,,,
deckRelation,ED0DA919-8D43-43D1-90A0-2FC0449FE94F,e6fc5c0b-0b64-491d-b312-b9b2133225d9,1,main,,,,,,
deckRelation,ED0DA919-8D43-43D1-90A0-2FC0449FE94F,236c4e0d-1a54-4024-85ef-4d73028bfb87,1,main,,,,,,
deckRelation,ED0DA919-8D43-43D1-90A0-2FC0449FE94F,5d659b0c-dc93-464f-847f-2af075caf145,1,main,,,,,,
deckRelation,ED0DA919-8D43-43D1-90A0-2FC0449FE94F,5b0275b1-64bc-4c78-ac1a-9bd31399b946,1,main,,,,,,
deckRelation,ED0DA919-8D43-43D1-90A0-2FC0449FE94F,6f2cec5d-50ea-4d0f-8925-eba06222d015,1,main,,,,,,
deckRelation,ED0DA919-8D43-43D1-90A0-2FC0449FE94F,771808d9-d0c8-418b-ab6c-1ae6fc07ca20,1,main,,,,,,
deckRelation,ED0DA919-8D43-43D1-90A0-2FC0449FE94F,fc0474b7-3d32-49b4-80c7-822de6cdbfa6,1,main,,,,,,
deckRelation,ED0DA919-8D43-43D1-90A0-2FC0449FE94F,cb82d614-13d8-40ec-9213-8e6852d37c9c,1,main,,,,,,
deckRelation,ED0DA919-8D43-43D1-90A0-2FC0449FE94F,d75d748f-38c3-4a7f-8211-db62d5314180,1,main,,,,,,
deckRelation,ED0DA919-8D43-43D1-90A0-2FC0449FE94F,af2dcc4d-f4bf-49e4-9103-9b4bc9545ae4,1,main,,,,,,
deckRelation,ED0DA919-8D43-43D1-90A0-2FC0449FE94F,755e0d2b-9a5e-4a13-b085-13c33e120de0,1,main,,,,,,
deckRelation,ED0DA919-8D43-43D1-90A0-2FC0449FE94F,f6a4267b-aa76-4dec-bc72-252236c44968,1,main,,,,,,
deckRelation,ED0DA919-8D43-43D1-90A0-2FC0449FE94F,ee86ac2f-f398-4422-8721-8ac859fbf5bc,1,main,,,,,,
deckRelation,ED0DA919-8D43-43D1-90A0-2FC0449FE94F,cdbc2d28-ea35-47c6-af7e-07924e9d5794,1,main,,,,,,
deckRelation,ED0DA919-8D43-43D1-90A0-2FC0449FE94F,acb35dcb-0bee-4deb-88bf-ffa1f110c67b,1,main,,,,,,
deckRelation,ED0DA919-8D43-43D1-90A0-2FC0449FE94F,7b280a73-9246-4da4-8fc1-a5683edd8aab,1,main,,,,,,
deckRelation,ED0DA919-8D43-43D1-90A0-2FC0449FE94F,25774e8c-bbc1-4a53-926c-7c01c2ac908f,1,main,,,,,,
deckRelation,ED0DA919-8D43-43D1-90A0-2FC0449FE94F,c2bc3f62-1e3a-4ec3-a83b-f6547d7c7b0d,1,main,,,,,,
deckRelation,ED0DA919-8D43-43D1-90A0-2FC0449FE94F,e623b058-76d2-476b-9ee6-82807f7992c3,1,main,,,,,,
deckRelation,ED0DA919-8D43-43D1-90A0-2FC0449FE94F,4bb9c7e1-46a6-4acf-8415-221d9c9d9d23,1,main,,,,,,
deckRelation,ED0DA919-8D43-43D1-90A0-2FC0449FE94F,31d56cda-ee00-4037-a2e3-e17286750b0b,1,main,,,,,,
deckRelation,ED0DA919-8D43-43D1-90A0-2FC0449FE94F,76a8cae7-e6ea-45eb-be8d-0e6a29b98aa6,1,main,,,,,,
deckRelation,ED0DA919-8D43-43D1-90A0-2FC0449FE94F,9ce2aa8e-b0c4-4e22-84eb-94b9e5ca6f76,1,main,,,,,,
deckRelation,ED0DA919-8D43-43D1-90A0-2FC0449FE94F,2c6e2b9e-2efb-42f1-9898-77918a7bb1b2,1,main,,,,,,
deckRelation,ED0DA919-8D43-43D1-90A0-2FC0449FE94F,fd5a8a4c-4d66-48a1-bc3e-caaa2dbb64d4,1,main,,,,,,
deckRelation,ED0DA919-8D43-43D1-90A0-2FC0449FE94F,f9b52ee8-3cde-4082-8a6c-0a82caa3505d,1,main,,,,,,
deckRelation,ED0DA919-8D43-43D1-90A0-2FC0449FE94F,04dc78e1-50d8-493a-9c1f-9c1d95343fff,1,main,,,,,,
deckRelation,ED0DA919-8D43-43D1-90A0-2FC0449FE94F,51188b1d-cb45-40f7-a3c2-5652b0679e02,1,main,,,,,,
deckRelation,ED0DA919-8D43-43D1-90A0-2FC0449FE94F,886ce333-44d7-458e-a3bb-a58d1d7fc69b,1,main,,,,,,
deckRelation,ED0DA919-8D43-43D1-90A0-2FC0449FE94F,ed314c9c-ce86-4782-981f-7956ceca564c,1,main,,,,,,
deckRelation,ED0DA919-8D43-43D1-90A0-2FC0449FE94F,8d82e20d-09c0-4b16-9b25-4790924aa0b6,1,main,,,,,,
deckRelation,ED0DA919-8D43-43D1-90A0-2FC0449FE94F,ce3a0ad9-6b7a-470c-8e49-4121fea72c89,1,main,,,,,,
deckRelation,ED0DA919-8D43-43D1-90A0-2FC0449FE94F,47c2b572-b54a-444c-8d74-b005e94d751f,1,main,,,,,,
deckRelation,ED0DA919-8D43-43D1-90A0-2FC0449FE94F,a4fa7ef6-4a14-4820-b646-8945ff3b4786,1,main,,,,,,
deckRelation,ED0DA919-8D43-43D1-90A0-2FC0449FE94F,77df073b-49dc-4743-82a3-d595bc938761,1,main,,,,,,
deckRelation,ED0DA919-8D43-43D1-90A0-2FC0449FE94F,8e591a23-15c3-4a65-a9d2-d1ce0f83552c,1,main,,,,,,
deckRelation,ED0DA919-8D43-43D1-90A0-2FC0449FE94F,2d0812ef-a3b7-49d0-b1b8-ec0c8891b887,1,main,,,,,,
deckRelation,ED0DA919-8D43-43D1-90A0-2FC0449FE94F,0972c465-0369-4ac2-9912-2898fad1bdba,1,main,,,,,,
deckRelation,ED0DA919-8D43-43D1-90A0-2FC0449FE94F,834c5cf1-69a7-462c-822e-47a43a86f9a9,1,main,,,,,,
deckRelation,ED0DA919-8D43-43D1-90A0-2FC0449FE94F,4742c222-1f29-4e1a-a545-798d175255ca,1,main,,,,,,
deckRelation,ED0DA919-8D43-43D1-90A0-2FC0449FE94F,33a37435-bd6c-4330-8138-98a2afa36e54,1,main,,,,,,
deckRelation,ED0DA919-8D43-43D1-90A0-2FC0449FE94F,9f7fcef4-99fc-4df2-b0f5-4398f71b2fcf,1,main,,,,,,
deckRelation,ED0DA919-8D43-43D1-90A0-2FC0449FE94F,fe1d5e11-0c74-4de0-a8be-428af44be684,1,main,,,,,,
deck,849BFC07-8367-44CB-9629-8A3305D9AFB8,Veloci-Ramp-Tor,8,0,0,4,4,,,
deckRelation,849BFC07-8367-44CB-9629-8A3305D9AFB8,04421508-b5ac-4466-9f77-dfef478d3cc2,1,main,,,,,,
deckRelation,849BFC07-8367-44CB-9629-8A3305D9AFB8,cdcbba6f-aa54-44be-a3b0-f712fa8bd5ad,1,main,,,,,,
deckRelation,849BFC07-8367-44CB-9629-8A3305D9AFB8,69dc5d4f-a562-4d54-a11f-4a31417c1138,1,main,,,,,,
deckRelation,849BFC07-8367-44CB-9629-8A3305D9AFB8,83c1ba83-c394-4ff1-b2ba-56907403162a,1,main,,,,,,
deckRelation,849BFC07-8367-44CB-9629-8A3305D9AFB8,7d4f04bc-30ee-4948-9905-774f532ac811,1,main,,,,,,
deckRelation,849BFC07-8367-44CB-9629-8A3305D9AFB8,287ef2b0-530e-4468-b43c-64ac6526562a,1,main,,,,,,
deckRelation,849BFC07-8367-44CB-9629-8A3305D9AFB8,0cfd3cb1-2209-453d-be45-ce1b56265496,1,main,,,,,,
deckRelation,849BFC07-8367-44CB-9629-8A3305D9AFB8,cf005201-94f3-46d4-9589-ded11f3eb718,1,main,,,,,,
deckRelation,849BFC07-8367-44CB-9629-8A3305D9AFB8,b35459f8-2231-4b89-a222-45e94d1b01d9,1,main,,,,,,
deckRelation,849BFC07-8367-44CB-9629-8A3305D9AFB8,00a87f71-8dbe-44e1-b69b-a03f6ab62055,1,main,,,,,,
deckRelation,849BFC07-8367-44CB-9629-8A3305D9AFB8,96a31b2d-ee3f-48e5-b0dd-481a0c3efea2,1,main,,,,,,
deckRelation,849BFC07-8367-44CB-9629-8A3305D9AFB8,17913fb0-ef73-4b20-8625-b84d4e62178a,1,main,,,,,,
deckRelation,849BFC07-8367-44CB-9629-8A3305D9AFB8,f1ac22a3-6edb-4f3e-b473-8166529eb769,1,main,,,,,,
deckRelation,849BFC07-8367-44CB-9629-8A3305D9AFB8,49243e92-93e3-4090-b4f7-86fa4ca2fef5,1,main,,,,,,
deckRelation,849BFC07-8367-44CB-9629-8A3305D9AFB8,04f2d7ee-43a4-48e8-af64-d9fad4b9c5f1,1,main,,,,,,
deckRelation,849BFC07-8367-44CB-9629-8A3305D9AFB8,8b9eae78-d2c9-45a6-baaa-c10dea1e0332,1,main,,,,,,
deckRelation,849BFC07-8367-44CB-9629-8A3305D9AFB8,d40a899f-de35-4345-b6ad-336f63be0b2e,1,main,,,,,,
deckRelation,849BFC07-8367-44CB-9629-8A3305D9AFB8,c175e50f-3858-43d7-8d4b-359ece106ccf,1,main,,,,,,
deckRelation,849BFC07-8367-44CB-9629-8A3305D9AFB8,f81607f4-d1cc-41a0-97eb-0c23133cfb6c,1,main,,,,,,
deckRelation,849BFC07-8367-44CB-9629-8A3305D9AFB8,0786c046-0cf6-41c8-800a-082997d2fcbf,1,main,,,,,,
deckRelation,849BFC07-8367-44CB-9629-8A3305D9AFB8,0c65d26e-b529-43ba-9e6e-82aed27cbbfc,1,main,,,,,,
deckRelation,849BFC07-8367-44CB-9629-8A3305D9AFB8,4bc94ded-458d-4458-9c0b-136d825b885d,1,main,,,,,,
deckRelation,849BFC07-8367-44CB-9629-8A3305D9AFB8,e2f2bd6c-fd3b-4dbd-a710-f004011fd58b,1,main,,,,,,
deckRelation,849BFC07-8367-44CB-9629-8A3305D9AFB8,637741c4-5420-4a54-839e-4fd454d93172,1,main,,,,,,
deckRelation,849BFC07-8367-44CB-9629-8A3305D9AFB8,fc70e127-ffc8-45ed-9ca3-7f9f926ac4d5,1,main,,,,,,
deckRelation,849BFC07-8367-44CB-9629-8A3305D9AFB8,013360b3-c335-46c0-abe3-b7e3760f62c9,1,main,,,,,,
deckRelation,849BFC07-8367-44CB-9629-8A3305D9AFB8,35e68007-ac45-40a4-91f3-4a1edf00bd0e,1,main,,,,,,
deckRelation,849BFC07-8367-44CB-9629-8A3305D9AFB8,7e9c2a58-4a1c-454c-b72d-faecaea105fb,1,main,,,,,,
deckRelation,849BFC07-8367-44CB-9629-8A3305D9AFB8,9afdb38b-cdb4-4f64-8fc7-2df666a9db1b,1,main,,,,,,
deckRelation,849BFC07-8367-44CB-9629-8A3305D9AFB8,1e6beba4-128c-418e-83ed-8a82afc0c39e,1,main,,,,,,
deckRelation,849BFC07-8367-44CB-9629-8A3305D9AFB8,21945dec-25d8-482e-bacb-8bbb92bb9d88,1,main,,,,,,
deckRelation,849BFC07-8367-44CB-9629-8A3305D9AFB8,960f45a3-f9cf-41e6-b813-f3dee620a944,1,main,,,,,,
deckRelation,849BFC07-8367-44CB-9629-8A3305D9AFB8,a54b6832-9990-4144-99ef-990a9ad4c081,1,main,,,,,,
deckRelation,849BFC07-8367-44CB-9629-8A3305D9AFB8,2d47121d-8b90-4d28-9ffa-0a640b9dd611,1,main,,,,,,
deckRelation,849BFC07-8367-44CB-9629-8A3305D9AFB8,e8fce06a-56f7-4d0c-b094-ff147fec8256,1,main,,,,,,
deckRelation,849BFC07-8367-44CB-9629-8A3305D9AFB8,608cdbdb-6f7e-438a-bab0-0e7782435f0f,1,main,,,,,,
deckRelation,849BFC07-8367-44CB-9629-8A3305D9AFB8,87b34bda-dff0-4cfb-9093-6a287236cd48,1,main,,,,,,
deckRelation,849BFC07-8367-44CB-9629-8A3305D9AFB8,f30552a5-db59-4164-bbd2-44bf7ae1e91e,1,main,,,,,,
deckRelation,849BFC07-8367-44CB-9629-8A3305D9AFB8,6bf82a3f-2faf-45b8-95af-32a93880b54c,1,main,,,,,,
deckRelation,849BFC07-8367-44CB-9629-8A3305D9AFB8,92a45243-2ea9-4da1-984b-287a555a51f4,1,main,,,,,,
deckRelation,849BFC07-8367-44CB-9629-8A3305D9AFB8,a0fe1347-7b04-464a-8226-9526a408b955,1,main,,,,,,
deckRelation,849BFC07-8367-44CB-9629-8A3305D9AFB8,b6623cb1-15e4-47b3-8460-dfeb5fb2cd09,1,main,,,,,,
deckRelation,849BFC07-8367-44CB-9629-8A3305D9AFB8,fe5ef229-2bce-4f13-93de-003c75fedaf8,1,main,,,,,,
deckRelation,849BFC07-8367-44CB-9629-8A3305D9AFB8,a7dc75a8-c500-4b50-aff9-32ce36566104,1,main,,,,,,
deckRelation,849BFC07-8367-44CB-9629-8A3305D9AFB8,7305c2e6-b72d-4bbd-8d64-69bc5e4d269c,1,main,,,,,,
deckRelation,849BFC07-8367-44CB-9629-8A3305D9AFB8,8be37115-b4aa-437a-9b72-01af0cf0a0cd,1,main,,,,,,
deckRelation,849BFC07-8367-44CB-9629-8A3305D9AFB8,581dcadd-7de4-4b39-bab0-d3567194a252,1,main,,,,,,
deckRelation,849BFC07-8367-44CB-9629-8A3305D9AFB8,0b5cf2aa-f6dd-47d2-a57f-0ae2308c0f9a,1,main,,,,,,
deckRelation,849BFC07-8367-44CB-9629-8A3305D9AFB8,d477d733-2360-4f1d-9ecd-cdedc2e8a7ae,1,main,,,,,,
deckRelation,849BFC07-8367-44CB-9629-8A3305D9AFB8,985448b8-5852-4074-a4bd-1dee5192b104,1,main,,,,,,
deckRelation,849BFC07-8367-44CB-9629-8A3305D9AFB8,d52ef7c1-dacb-4204-b64e-5fa3ae3b1ace,1,main,,,,,,
deckRelation,849BFC07-8367-44CB-9629-8A3305D9AFB8,9f7f7c5c-592b-4d22-968b-e5162b024b6e,1,main,,,,,,
deckRelation,849BFC07-8367-44CB-9629-8A3305D9AFB8,19b72af8-9bb9-4542-9115-09c27ad6e7ad,1,main,,,,,,
deckRelation,849BFC07-8367-44CB-9629-8A3305D9AFB8,e3a8bdfa-a39c-4ca7-b591-1c6aca4cc5ac,1,main,,,,,,
deckRelation,849BFC07-8367-44CB-9629-8A3305D9AFB8,20336c7d-efff-44ef-942b-24672cbb0c48,1,main,,,,,,
deckRelation,849BFC07-8367-44CB-9629-8A3305D9AFB8,2a3c6780-8ac2-489c-a347-19dbe977df43,1,main,,,,,,
deckRelation,849BFC07-8367-44CB-9629-8A3305D9AFB8,820b6327-2cbf-4054-bc33-4baf9c26dd70,1,main,,,,,,
deckRelation,849BFC07-8367-44CB-9629-8A3305D9AFB8,a2ad7482-8ce2-4e63-8be7-79c2e37d3006,1,main,,,,,,
deckRelation,849BFC07-8367-44CB-9629-8A3305D9AFB8,5b71c6bd-db67-46ca-9c96-119e89f8ef69,1,main,,,,,,
deckRelation,849BFC07-8367-44CB-9629-8A3305D9AFB8,fc6c69a0-ac24-4486-8893-a6303d08fc6e,1,main,,,,,,
deckRelation,849BFC07-8367-44CB-9629-8A3305D9AFB8,05c5a9a8-badd-43ab-8408-a13e75407681,1,main,,,,,,
deckRelation,849BFC07-8367-44CB-9629-8A3305D9AFB8,ea3f71d6-e333-4e50-9545-deb73749413c,1,main,,,,,,
deckRelation,849BFC07-8367-44CB-9629-8A3305D9AFB8,ec01de20-8f78-47dd-8735-5e3981013708,1,main,,,,,,
deckRelation,849BFC07-8367-44CB-9629-8A3305D9AFB8,efa9d2dc-b3b8-4475-bbfc-2db457ee4ffd,1,main,,,,,,
deckRelation,849BFC07-8367-44CB-9629-8A3305D9AFB8,13c45b1e-dfa4-4318-96e8-aa5e3e74ca27,1,main,,,,,,
deckRelation,849BFC07-8367-44CB-9629-8A3305D9AFB8,6e2b6fe5-e02d-488d-a176-5a1744dce2b8,1,main,,,,,,
deckRelation,849BFC07-8367-44CB-9629-8A3305D9AFB8,e74b5f7e-847d-4eca-a77e-96bad5434292,1,main,,,,,,
deckRelation,849BFC07-8367-44CB-9629-8A3305D9AFB8,2258c917-763a-43a6-9635-a5181e6bb54d,1,main,,,,,,
deckRelation,849BFC07-8367-44CB-9629-8A3305D9AFB8,4fc05cc9-176d-4ffb-8777-935e54030140,1,main,,,,,,
deckRelation,849BFC07-8367-44CB-9629-8A3305D9AFB8,dadfcd91-3000-448e-a304-be425ff68644,1,main,,,,,,
deckRelation,849BFC07-8367-44CB-9629-8A3305D9AFB8,90eb983c-ba42-45f2-9362-211fe40236e7,1,main,,,,,,
deckRelation,849BFC07-8367-44CB-9629-8A3305D9AFB8,26c40b2a-cb27-4fad-a9b2-1fb065d44d77,1,main,,,,,,
deckRelation,849BFC07-8367-44CB-9629-8A3305D9AFB8,d39e00aa-9af9-4e53-8540-3fb56009c9b4,1,main,,,,,,
deckRelation,849BFC07-8367-44CB-9629-8A3305D9AFB8,95a5d742-187a-4eba-82e4-7a4cc5c4e6f3,1,main,,,,,,
deckRelation,849BFC07-8367-44CB-9629-8A3305D9AFB8,75db3c02-7a03-4de5-a70e-220777227dd3,1,main,,,,,,
deckRelation,849BFC07-8367-44CB-9629-8A3305D9AFB8,e19cd136-0541-4db0-997f-20a58ec8d028,1,main,,,,,,
deckRelation,849BFC07-8367-44CB-9629-8A3305D9AFB8,7112c366-b36a-4bc8-aa64-6bad16bebc39,1,main,,,,,,
deckRelation,849BFC07-8367-44CB-9629-8A3305D9AFB8,e8b92271-4412-4165-a4a6-e8653e755107,1,main,,,,,,
deckRelation,849BFC07-8367-44CB-9629-8A3305D9AFB8,6f1bc3bb-46da-492a-850c-f1f588ad8d18,1,main,,,,,,
deckRelation,849BFC07-8367-44CB-9629-8A3305D9AFB8,48104961-2090-435a-8d0e-6115e051b05c,1,main,,,,,,
deckRelation,849BFC07-8367-44CB-9629-8A3305D9AFB8,fa6a5029-f4df-43dd-b5a9-fbf6ff003675,1,main,,,,,,
deckRelation,849BFC07-8367-44CB-9629-8A3305D9AFB8,e7bd3aaa-864c-4cbb-bbab-68d87c824e3d,1,main,,,,,,
deckRelation,849BFC07-8367-44CB-9629-8A3305D9AFB8,83fb87d8-d6f6-4cb0-aca1-49e6fcb181b1,1,main,,,,,,
deck,77CC7427-D3E5-41B1-935D-7B7AED6DC865,Draining Fear,0,9,6,0,0,,,
deckRelation,77CC7427-D3E5-41B1-935D-7B7AED6DC865,11568cdf-6148-494c-8b98-f5ca5797d775,1,main,,,,,,
deckRelation,77CC7427-D3E5-41B1-935D-7B7AED6DC865,10d59998-a6e5-43c9-9bc7-1d0d7d1a97b4,1,main,,,,,,
deckRelation,77CC7427-D3E5-41B1-935D-7B7AED6DC865,0db4d543-8d26-43f9-b2db-ea4f980137b6,1,main,,,,,,
deckRelation,77CC7427-D3E5-41B1-935D-7B7AED6DC865,4c27c6ac-889f-4591-8789-4a6f1a264d98,1,main,,,,,,
deckRelation,77CC7427-D3E5-41B1-935D-7B7AED6DC865,2413d30d-755f-46a8-ace0-c55d565c7dfc,1,main,,,,,,
deckRelation,77CC7427-D3E5-41B1-935D-7B7AED6DC865,4ea76163-a928-4f8b-b234-064e49628871,1,main,,,,,,
deckRelation,77CC7427-D3E5-41B1-935D-7B7AED6DC865,a4b05d37-df62-475c-8371-735ed2fa1b05,1,main,,,,,,
deckRelation,77CC7427-D3E5-41B1-935D-7B7AED6DC865,2148a3d5-9f67-4a22-81e3-bc20bc05c5d9,1,main,,,,,,
deckRelation,77CC7427-D3E5-41B1-935D-7B7AED6DC865,60b16d94-7ce9-4a53-bd24-56ac5d388c94,1,main,,,,,,
deckRelation,77CC7427-D3E5-41B1-935D-7B7AED6DC865,23581e9b-93e6-4376-8849-06f17bab2f13,1,main,,,,,,
deckRelation,77CC7427-D3E5-41B1-935D-7B7AED6DC865,2ec64123-43dd-49dc-85a9-69bd1246e1f8,1,main,,,,,,
deckRelation,77CC7427-D3E5-41B1-935D-7B7AED6DC865,b50f1dde-f48e-44a0-b460-7aae2e5c51db,1,main,,,,,,
deckRelation,77CC7427-D3E5-41B1-935D-7B7AED6DC865,b4b99ebb-0d54-4fe5-a495-979aaa564aa8,1,main,,,,,,
deckRelation,77CC7427-D3E5-41B1-935D-7B7AED6DC865,6190f9bc-b79a-4863-8e52-cd4485b703f4,1,main,,,,,,
deckRelation,77CC7427-D3E5-41B1-935D-7B7AED6DC865,10a79733-702c-4611-b073-71db7f1158b2,1,main,,,,,,
deckRelation,77CC7427-D3E5-41B1-935D-7B7AED6DC865,253895a0-df8b-4c5f-b008-80ff19f63181,1,main,,,,,,
deckRelation,77CC7427-D3E5-41B1-935D-7B7AED6DC865,f9ec098f-70a3-4fc7-a59b-eb8716d3e5a9,1,main,,,,,,
deckRelation,77CC7427-D3E5-41B1-935D-7B7AED6DC865,54b803f7-e0fc-41db-b800-06debc9a8023,1,main,,,,,,
deckRelation,77CC7427-D3E5-41B1-935D-7B7AED6DC865,b82f599d-b142-4af3-8370-1b8a99d6ec3d,1,main,,,,,,
deckRelation,77CC7427-D3E5-41B1-935D-7B7AED6DC865,07c4d61e-e485-4f06-996d-ce152863a767,1,main,,,,,,
deckRelation,77CC7427-D3E5-41B1-935D-7B7AED6DC865,572464e5-e422-4905-84ac-0851b22efbbf,1,main,,,,,,
deckRelation,77CC7427-D3E5-41B1-935D-7B7AED6DC865,98b2d5b5-f85b-4c42-a0f5-a76f6af304ba,1,main,,,,,,
deckRelation,77CC7427-D3E5-41B1-935D-7B7AED6DC865,9eb391dc-0378-4793-a5de-899b09792a4b,1,main,,,,,,
deckRelation,77CC7427-D3E5-41B1-935D-7B7AED6DC865,188a5962-daf2-4461-b773-391515547422,1,main,,,,,,
deckRelation,77CC7427-D3E5-41B1-935D-7B7AED6DC865,971dd79c-ddda-4e77-bc60-64b411013dd0,1,main,,,,,,
deckRelation,77CC7427-D3E5-41B1-935D-7B7AED6DC865,c9264848-2b06-4d2f-8875-97b94dea7636,1,main,,,,,,
deckRelation,77CC7427-D3E5-41B1-935D-7B7AED6DC865,f6c0fca5-b759-4543-95e2-8d712aae5281,1,main,,,,,,
deckRelation,77CC7427-D3E5-41B1-935D-7B7AED6DC865,926542f7-6421-4bb7-9969-d0d2bb81badc,1,main,,,,,,
deckRelation,77CC7427-D3E5-41B1-935D-7B7AED6DC865,486d7edc-d983-41f0-8b78-c99aecd72996,1,main,,,,,,
deckRelation,77CC7427-D3E5-41B1-935D-7B7AED6DC865,bfa16629-4de7-4d7b-bb01-2d49ba6ff0e4,1,main,,,,,,
deckRelation,77CC7427-D3E5-41B1-935D-7B7AED6DC865,c78d03bf-7afe-48ca-8119-d5404b2fabbf,1,main,,,,,,
deckRelation,77CC7427-D3E5-41B1-935D-7B7AED6DC865,67fe991d-e111-43a6-8e9d-843a57069103,1,main,,,,,,
deckRelation,77CC7427-D3E5-41B1-935D-7B7AED6DC865,a470a692-1c0b-4861-84b8-2ae89aa930cd,1,main,,,,,,
deckRelation,77CC7427-D3E5-41B1-935D-7B7AED6DC865,086f97e9-8b62-44f3-b467-149c2ac5ca78,1,main,,,,,,
deckRelation,77CC7427-D3E5-41B1-935D-7B7AED6DC865,d1fa69c7-7989-47c9-807c-9417613d0382,1,main,,,,,,
deckRelation,77CC7427-D3E5-41B1-935D-7B7AED6DC865,65a58e93-084b-437e-a515-3a8aa08b2a91,1,main,,,,,,
deckRelation,77CC7427-D3E5-41B1-935D-7B7AED6DC865,178e52c0-2ae7-4c20-b3e3-44e32267b1ee,1,main,,,,,,
deckRelation,77CC7427-D3E5-41B1-935D-7B7AED6DC865,e64cca3a-0d03-4081-a484-23bd53a3cb1b,1,main,,,,,,
deckRelation,77CC7427-D3E5-41B1-935D-7B7AED6DC865,6184b996-ca00-46ee-b770-a030eb8d38ce,1,main,,,,,,
deckRelation,77CC7427-D3E5-41B1-935D-7B7AED6DC865,0cd64619-f2ad-44c7-9993-529b71448e13,1,main,,,,,,
deckRelation,77CC7427-D3E5-41B1-935D-7B7AED6DC865,2d752184-5b5b-4abf-a288-0f2d10b0290b,1,main,,,,,,
deckRelation,77CC7427-D3E5-41B1-935D-7B7AED6DC865,fce27aa4-0cf5-4d10-8dca-63b41c90a3ab,1,main,,,,,,
deckRelation,77CC7427-D3E5-41B1-935D-7B7AED6DC865,d959ee0b-9fb1-4e32-ad45-f04cdd5c678a,1,main,,,,,,
deckRelation,77CC7427-D3E5-41B1-935D-7B7AED6DC865,c1e5fbc6-d129-4843-96a5-ee4406b2700f,1,main,,,,,,
deckRelation,77CC7427-D3E5-41B1-935D-7B7AED6DC865,d8e81717-1071-4b44-884f-7d44e3cbe376,1,main,,,,,,
deckRelation,77CC7427-D3E5-41B1-935D-7B7AED6DC865,d4f55dc3-df95-41e7-820a-d3bcd1c235fc,1,main,,,,,,
deckRelation,77CC7427-D3E5-41B1-935D-7B7AED6DC865,d4348096-0a9f-4056-bbeb-d2fba94e5fcc,1,main,,,,,,
deckRelation,77CC7427-D3E5-41B1-935D-7B7AED6DC865,d488ce80-d647-4d88-afe7-1403c7947ecd,1,main,,,,,,
deckRelation,77CC7427-D3E5-41B1-935D-7B7AED6DC865,d35a1edd-62e4-4b52-8949-ae9f3b6c8edd,1,main,,,,,,
deckRelation,77CC7427-D3E5-41B1-935D-7B7AED6DC865,a11644b5-40cf-426b-99ea-27b29c4feda3,1,main,,,,,,
deckRelation,77CC7427-D3E5-41B1-935D-7B7AED6DC865,95ff3822-50df-4477-9efa-7120eda186f3,1,main,,,,,,
deckRelation,77CC7427-D3E5-41B1-935D-7B7AED6DC865,60f2ccbf-0a4f-4d94-8558-0d5f49fa02c1,1,main,,,,,,
deckRelation,77CC7427-D3E5-41B1-935D-7B7AED6DC865,224f2add-044b-4eb3-a48c-6383fb3a0a9d,1,main,,,,,,
deckRelation,77CC7427-D3E5-41B1-935D-7B7AED6DC865,6646bf64-9963-48ef-bd46-23c1d3817967,1,main,,,,,,
deckRelation,77CC7427-D3E5-41B1-935D-7B7AED6DC865,e515e6c3-9a19-43d4-b134-285cbc8582d7,1,main,,,,,,
deckRelation,77CC7427-D3E5-41B1-935D-7B7AED6DC865,359d1b13-6156-43b0-a9a7-6bfff36c1a91,1,main,,,,,,
deckRelation,77CC7427-D3E5-41B1-935D-7B7AED6DC865,ea427b65-fb9b-4142-9af5-e73d094c3dd9,1,main,,,,,,
deckRelation,77CC7427-D3E5-41B1-935D-7B7AED6DC865,f44e117e-7153-46e3-93ae-be615ce1f12f,1,main,,,,,,
deckRelation,77CC7427-D3E5-41B1-935D-7B7AED6DC865,eed1a433-2716-4535-bf35-4a694e8fa584,1,main,,,,,,
deckRelation,77CC7427-D3E5-41B1-935D-7B7AED6DC865,845307f5-9539-40fc-80f0-190c449adeed,1,main,,,,,,
deckRelation,77CC7427-D3E5-41B1-935D-7B7AED6DC865,dce5db87-4a78-4b8d-b5c2-918ccd1ba4e3,1,main,,,,,,
deckRelation,77CC7427-D3E5-41B1-935D-7B7AED6DC865,b8d555ec-bf38-4398-bf8e-7160be4ddfaf,1,main,,,,,,
deckRelation,77CC7427-D3E5-41B1-935D-7B7AED6DC865,ddb09397-c3cc-4ecc-aef7-bee4dfa6957f,1,main,,,,,,
deckRelation,77CC7427-D3E5-41B1-935D-7B7AED6DC865,4522da7f-7a73-4557-bad5-9ab168e33f41,1,main,,,,,,
deckRelation,77CC7427-D3E5-41B1-935D-7B7AED6DC865,ac83c27f-55d6-4e5a-93a4-febb0c183289,1,main,,,,,,
deckRelation,77CC7427-D3E5-41B1-935D-7B7AED6DC865,b1c5f679-82d0-4434-9f13-d39ad57282b8,1,main,,,,,,
deckRelation,77CC7427-D3E5-41B1-935D-7B7AED6DC865,d66700db-32cb-49e3-bdf4-6f820557d9fb,1,main,,,,,,
deckRelation,77CC7427-D3E5-41B1-935D-7B7AED6DC865,52470883-b44d-415b-9324-8074e66f79ae,1,main,,,,,,
deckRelation,77CC7427-D3E5-41B1-935D-7B7AED6DC865,a52d30a3-a436-4854-91e9-2c359c40457b,1,main,,,,,,
deckRelation,77CC7427-D3E5-41B1-935D-7B7AED6DC865,19beffe7-94d9-4155-92d7-58d61cb07009,1,main,,,,,,
deckRelation,77CC7427-D3E5-41B1-935D-7B7AED6DC865,d290a2f4-c958-4f84-bce6-121d950907d6,1,main,,,,,,
deckRelation,77CC7427-D3E5-41B1-935D-7B7AED6DC865,5046884e-b01f-422f-bce7-d733e9ea1f08,1,main,,,,,,
deckRelation,77CC7427-D3E5-41B1-935D-7B7AED6DC865,62918bd6-e2ef-4804-88b5-237d34f99bdc,1,main,,,,,,
deckRelation,77CC7427-D3E5-41B1-935D-7B7AED6DC865,8a220d54-a364-4f71-ae58-c5cad9c97d17,1,main,,,,,,
deckRelation,77CC7427-D3E5-41B1-935D-7B7AED6DC865,f081d1f9-1aa6-4a58-a77f-9eb3cd35c4e1,1,main,,,,,,
deckRelation,77CC7427-D3E5-41B1-935D-7B7AED6DC865,1fc424eb-19d9-408a-ab51-1ffefb62b126,1,main,,,,,,
deckRelation,77CC7427-D3E5-41B1-935D-7B7AED6DC865,bc66e091-6150-4ddc-ac6c-b34971b9f2b1,1,main,,,,,,
deckRelation,77CC7427-D3E5-41B1-935D-7B7AED6DC865,7bc98705-77c2-47b6-b41c-3e41578700e8,1,main,,,,,,
deckRelation,77CC7427-D3E5-41B1-935D-7B7AED6DC865,7e95d4cb-6217-4bc7-914a-64acc216e199,1,main,,,,,,
deckRelation,77CC7427-D3E5-41B1-935D-7B7AED6DC865,0a2641c5-080b-4942-8462-9a4fc0136255,1,main,,,,,,
deckRelation,77CC7427-D3E5-41B1-935D-7B7AED6DC865,44c4476d-58f9-420d-9545-f5d580c589de,1,main,,,,,,
deckRelation,77CC7427-D3E5-41B1-935D-7B7AED6DC865,1dec999b-91cc-4833-a4c5-d772e4cf6a72,1,main,,,,,,
deckRelation,77CC7427-D3E5-41B1-935D-7B7AED6DC865,b82a13bf-da32-4c12-a9dd-271d8ca45c21,1,main,,,,,,
deckRelation,77CC7427-D3E5-41B1-935D-7B7AED6DC865,8b287357-b6a2-47a1-be1c-c1bcc265aa36,1,main,,,,,,
deckRelation,77CC7427-D3E5-41B1-935D-7B7AED6DC865,37071251-17da-4b88-a760-c4d89647996a,1,side,,,,,,
deckRelation,77CC7427-D3E5-41B1-935D-7B7AED6DC865,40416a38-8f7a-4dc8-bcfd-dc26fdd07f02,1,side,,,,,,
deckRelation,77CC7427-D3E5-41B1-935D-7B7AED6DC865,7cb4ac83-1a05-4330-a467-f31c41f2eb99,1,side,,,,,,
deckRelation,77CC7427-D3E5-41B1-935D-7B7AED6DC865,833dbfd0-daf5-49d7-8056-d61251a2d7d9,1,side,,,,,,
deckRelation,77CC7427-D3E5-41B1-935D-7B7AED6DC865,f3ab02f9-9ebd-4062-8052-208aff24aa27,1,side,,,,,,
deckRelation,77CC7427-D3E5-41B1-935D-7B7AED6DC865,6d0d1c58-ae00-4567-b796-0fe8704bc426,1,side,,,,,,
deckRelation,77CC7427-D3E5-41B1-935D-7B7AED6DC865,84ddb56d-c6fe-4ca9-92d4-ecb58c5fc604,1,side,,,,,,
deckRelation,77CC7427-D3E5-41B1-935D-7B7AED6DC865,a2b131fc-4bdc-40bd-bfee-bc8b55dce740,1,side,,,,,,
deckRelation,77CC7427-D3E5-41B1-935D-7B7AED6DC865,d56bf657-5622-41ee-a5e4-4bf158d249db,1,side,,,,,,
deckRelation,77CC7427-D3E5-41B1-935D-7B7AED6DC865,72565974-d7f5-4197-bc0a-81327932f2c4,1,side,,,,,,
deckRelation,77CC7427-D3E5-41B1-935D-7B7AED6DC865,0ad274a7-0272-4bcf-b449-ef1d34693a39,1,side,,,,,,
deckRelation,77CC7427-D3E5-41B1-935D-7B7AED6DC865,ecb6a0e9-a846-4691-94b9-286e8a73c5ff,1,side,,,,,,
deckRelation,77CC7427-D3E5-41B1-935D-7B7AED6DC865,25d273e7-8ae1-42c9-a033-5c962400ec0b,1,side,,,,,,
